create table if not exists persistent_logins (
                                               username varchar_ignorecase(100) not null,
                                               series varchar(64) primary key,
                                               token varchar(64) not null,
                                               last_used timestamp not null
);

Alter Table TM_ATTENDANCE Add constraint UX_TM_ATTENDANCE UNIQUE (DATE, STUDENT_ID);

INSERT INTO Role VALUES (1, 'ADMIN');
INSERT INTO Role VALUES (2, 'FACULTY');
INSERT INTO Role VALUES (3, 'STUDENT');

INSERT INTO User(user_id,active, email, name, last_name, password) values(1,1, 'atantawy@mum.edu', 'Abdelrady', 'Tantawy', '$2a$10$.YWv5U13xQQdeWCYSZx8UeauVA3N4byEtBZgNLDwfVUj2iQ6UcB72');
INSERT INTO User(user_id,active, email, name, last_name, password) values(2,1, 'rxing@mum.edu', 'Tina', 'Xing', '$2a$10$.YWv5U13xQQdeWCYSZx8UeauVA3N4byEtBZgNLDwfVUj2iQ6UcB72');
INSERT INTO User(user_id,active, email, name, last_name, password) values(3,1, 'jbreun@mum.edu', 'Joe', 'Breun', '$2a$10$.YWv5U13xQQdeWCYSZx8UeauVA3N4byEtBZgNLDwfVUj2iQ6UcB72');
INSERT INTO User(user_id,active, email, name, last_name, password) values(4,1, 'ehassan@mum.edu', 'Eman', 'Hassan', '$2a$10$.YWv5U13xQQdeWCYSZx8UeauVA3N4byEtBZgNLDwfVUj2iQ6UcB72');
INSERT INTO User(user_id,active, email, name, last_name, password) values(5,1, 'atantawy1@mum.edu', 'Abdelrady', 'Tantawy', '$2a$10$.YWv5U13xQQdeWCYSZx8UeauVA3N4byEtBZgNLDwfVUj2iQ6UcB72');
INSERT INTO User(user_id,active, email, name, last_name, password) values(6,1, 'atantawy2@mum.edu', 'Abdelrady', 'Tantawy', '$2a$10$.YWv5U13xQQdeWCYSZx8UeauVA3N4byEtBZgNLDwfVUj2iQ6UcB72');
INSERT INTO User(user_id,active, email, name, last_name, password) values(7,1, 'atantawy3@mum.edu', 'Abdelrady', 'Tantawy', '$2a$10$.YWv5U13xQQdeWCYSZx8UeauVA3N4byEtBZgNLDwfVUj2iQ6UcB72');
INSERT INTO User(user_id,active, email, name, last_name, password) values(8,1, 'atantawy4@mum.edu', 'Abdelrady', 'Tantawy', '$2a$10$.YWv5U13xQQdeWCYSZx8UeauVA3N4byEtBZgNLDwfVUj2iQ6UcB72');
INSERT INTO User(user_id,active, email, name, last_name, password) values(9,1, 'atantawy5@mum.edu', 'Abdelrady', 'Tantawy', '$2a$10$.YWv5U13xQQdeWCYSZx8UeauVA3N4byEtBZgNLDwfVUj2iQ6UcB72');

INSERT into USER_ROLE values (1,3);
INSERT into USER_ROLE values (2,2);
INSERT into USER_ROLE values (3,2);
INSERT into USER_ROLE values (4,1);

INSERT into TMRETREAT(ID,STUDENTID,DATE) values (1,986834,'2018-11-30');

INSERT into TMCHECK(ID,STUDENTID,DATE) values (1,986834,'2018-11-30');

INSERT INTO Student(mum_Id,entry,user_id,attended_Sessions,percentage) VALUES (986834, '11-18', 1,50,40);


INSERT INTO BLOCK(ID, MMYY, TOTAL_SESSIONS, END_DATE, START_DATE) VALUES (1, '11-18', '22', '2018-11-30',  '2018-11-01');
INSERT INTO BLOCK(ID, MMYY, TOTAL_SESSIONS, END_DATE, START_DATE) VALUES (2, '12-18', '21', '2018-12-31',  '2018-12-01');
INSERT INTO BLOCK(ID, MMYY, TOTAL_SESSIONS, END_DATE, START_DATE) VALUES (3, '01-19', '21', '2019-01-31',  '2019-01-01');
INSERT INTO BLOCK(ID, MMYY, TOTAL_SESSIONS, END_DATE, START_DATE) VALUES (4, '02-19', '22', '2019-02-28',  '2019-02-01');
INSERT INTO BLOCK(ID, MMYY, TOTAL_SESSIONS, END_DATE, START_DATE) VALUES (5, '03-19', '22', '2019-03-31',  '2019-03-01');
INSERT INTO BLOCK(ID, MMYY, TOTAL_SESSIONS, END_DATE, START_DATE) VALUES (6, '04-19', '21', '2019-04-30',  '2019-04-01');
INSERT INTO BLOCK(ID, MMYY, TOTAL_SESSIONS, END_DATE, START_DATE) VALUES (7, '05-19', '22', '2019-05-31',  '2019-05-01');
INSERT INTO BLOCK(ID, MMYY, TOTAL_SESSIONS, END_DATE, START_DATE) VALUES (8, '06-19', '22', '2019-06-30',  '2019-06-01');
INSERT INTO BLOCK(ID, MMYY, TOTAL_SESSIONS, END_DATE, START_DATE) VALUES (9, '07-19', '22', '2019-07-31',  '2019-07-01');

INSERT INTO COURSE  VALUES (1, 'FPP');
INSERT INTO COURSE  VALUES (2, 'MPP');
INSERT INTO COURSE  VALUES (3, 'WAP');
INSERT INTO COURSE  VALUES (4, 'WAA');
INSERT INTO COURSE  VALUES (5, 'EA');

INSERT INTO PROFESSOR VALUES (1, 2);
INSERT INTO PROFESSOR VALUES (2, 3);

INSERT INTO COURSE_BLOCK(Id, Block_id, Course_id, Professor_id) values(1, 1, 1, 1);
INSERT INTO COURSE_BLOCK(Id, Block_id, Course_id, Professor_id) values(2, 1, 2, 2);
INSERT INTO COURSE_BLOCK(Id, Block_id, Course_id, Professor_id) values(3, 2, 3, 2);
INSERT INTO COURSE_BLOCK(Id, Block_id, Course_id, Professor_id) values(4, 2, 4, 1);

INSERT INTO STUDENTS_BLOCK_COURSES VALUES (986834, 1);
INSERT INTO STUDENTS_BLOCK_COURSES VALUES (986834, 3);


INSERT INTO TM_ATTENDANCE(ID, DATE, LOCATION, TYPE, BLOCK_ID, STUDENT_ID) VALUES (1, '2018-11-01', 'Argiro', 'EAM', 1, 986834);
INSERT INTO TM_ATTENDANCE(ID, DATE, LOCATION, TYPE, BLOCK_ID, STUDENT_ID) VALUES (2, '2018-11-02', 'Argiro', 'EAM', 1, 986834);
INSERT INTO TM_ATTENDANCE(ID, DATE, LOCATION, TYPE, BLOCK_ID, STUDENT_ID) VALUES (3, '2018-11-03', 'Argiro', 'EAM', 1, 986834);
INSERT INTO TM_ATTENDANCE(ID, DATE, LOCATION, TYPE, BLOCK_ID, STUDENT_ID) VALUES (4, '2018-11-04', 'Argiro', 'EAM', 1, 986834);
INSERT INTO TM_ATTENDANCE(ID, DATE, LOCATION, TYPE, BLOCK_ID, STUDENT_ID) VALUES (5, '2018-11-05', 'Argiro', 'EAM', 1, 986834);
INSERT INTO TM_ATTENDANCE(ID, DATE, LOCATION, TYPE, BLOCK_ID, STUDENT_ID) VALUES (6, '2018-11-06', 'Argiro', 'EAM', 1, 986834);
INSERT INTO TM_ATTENDANCE(ID, DATE, LOCATION, TYPE, BLOCK_ID, STUDENT_ID) VALUES (7, '2018-11-07', 'Argiro', 'EAM', 1, 986834);
INSERT INTO TM_ATTENDANCE(ID, DATE, LOCATION, TYPE, BLOCK_ID, STUDENT_ID) VALUES (8, '2018-11-08', 'Argiro', 'EAM', 1, 986834);
INSERT INTO TM_ATTENDANCE(ID, DATE, LOCATION, TYPE, BLOCK_ID, STUDENT_ID) VALUES (9, '2018-11-09', 'Argiro', 'EAM', 1, 986834);
INSERT INTO TM_ATTENDANCE(ID, DATE, LOCATION, TYPE, BLOCK_ID, STUDENT_ID) VALUES (10, '2018-11-10', 'Argiro', 'EAM', 1, 986834);
INSERT INTO TM_ATTENDANCE(ID, DATE, LOCATION, TYPE, BLOCK_ID, STUDENT_ID) VALUES (11, '2018-11-11', 'Argiro', 'EAM', 1, 986834);
INSERT INTO TM_ATTENDANCE(ID, DATE, LOCATION, TYPE, BLOCK_ID, STUDENT_ID) VALUES (12, '2018-11-12', 'Argiro', 'EAM', 1, 986834);
INSERT INTO TM_ATTENDANCE(ID, DATE, LOCATION, TYPE, BLOCK_ID, STUDENT_ID) VALUES (13, '2018-11-13', 'Argiro', 'EAM', 1, 986834);
INSERT INTO TM_ATTENDANCE(ID, DATE, LOCATION, TYPE, BLOCK_ID, STUDENT_ID) VALUES (14, '2018-11-14', 'Argiro', 'EAM', 1, 986834);
INSERT INTO TM_ATTENDANCE(ID, DATE, LOCATION, TYPE, BLOCK_ID, STUDENT_ID) VALUES (15, '2018-11-15', 'Argiro', 'EAM', 1, 986834);
INSERT INTO TM_ATTENDANCE(ID, DATE, LOCATION, TYPE, BLOCK_ID, STUDENT_ID) VALUES (16, '2018-11-16', 'Argiro', 'EAM', 1, 986834);
INSERT INTO TM_ATTENDANCE(ID, DATE, LOCATION, TYPE, BLOCK_ID, STUDENT_ID) VALUES (17, '2018-11-17', 'Argiro', 'EAM', 1, 986834);
INSERT INTO TM_ATTENDANCE(ID, DATE, LOCATION, TYPE, BLOCK_ID, STUDENT_ID) VALUES (18, '2018-11-18', 'Argiro', 'EAM', 1, 986834);
INSERT INTO TM_ATTENDANCE(ID, DATE, LOCATION, TYPE, BLOCK_ID, STUDENT_ID) VALUES (19, '2018-11-19', 'Argiro', 'EAM', 1, 986834);
INSERT INTO TM_ATTENDANCE(ID, DATE, LOCATION, TYPE, BLOCK_ID, STUDENT_ID) VALUES (20, '2018-12-01', 'Argiro', 'EAM', 2, 986834);
INSERT INTO TM_ATTENDANCE(ID, DATE, LOCATION, TYPE, BLOCK_ID, STUDENT_ID) VALUES (21, '2018-12-02', 'Argiro', 'EAM', 2, 986834);
INSERT INTO TM_ATTENDANCE(ID, DATE, LOCATION, TYPE, BLOCK_ID, STUDENT_ID) VALUES (22, '2018-12-03', 'Argiro', 'EAM', 2, 986834);
INSERT INTO TM_ATTENDANCE(ID, DATE, LOCATION, TYPE, BLOCK_ID, STUDENT_ID) VALUES (23, '2018-12-04', 'Argiro', 'EAM', 2, 986834);
INSERT INTO TM_ATTENDANCE(ID, DATE, LOCATION, TYPE, BLOCK_ID, STUDENT_ID) VALUES (24, '2018-12-05', 'Argiro', 'EAM', 2, 986834);
INSERT INTO TM_ATTENDANCE(ID, DATE, LOCATION, TYPE, BLOCK_ID, STUDENT_ID) VALUES (26, '2018-12-06', 'Argiro', 'EAM', 2, 986834);
INSERT INTO TM_ATTENDANCE(ID, DATE, LOCATION, TYPE, BLOCK_ID, STUDENT_ID) VALUES (27, '2018-12-07', 'Argiro', 'EAM', 2, 986834);
INSERT INTO TM_ATTENDANCE(ID, DATE, LOCATION, TYPE, BLOCK_ID, STUDENT_ID) VALUES (28, '2018-12-08', 'Argiro', 'EAM', 2, 986834);
INSERT INTO TM_ATTENDANCE(ID, DATE, LOCATION, TYPE, BLOCK_ID, STUDENT_ID) VALUES (29, '2018-12-09', 'Argiro', 'EAM', 2, 986834);
INSERT INTO TM_ATTENDANCE(ID, DATE, LOCATION, TYPE, BLOCK_ID, STUDENT_ID) VALUES (30, '2018-12-10', 'Argiro', 'EAM', 2, 986834);
INSERT INTO TM_ATTENDANCE(ID, DATE, LOCATION, TYPE, BLOCK_ID, STUDENT_ID) VALUES (31, '2018-12-11', 'Argiro', 'EAM', 2, 986834);
INSERT INTO TM_ATTENDANCE(ID, DATE, LOCATION, TYPE, BLOCK_ID, STUDENT_ID) VALUES (32, '2018-12-12', 'Argiro', 'EAM', 2, 986834);
INSERT INTO TM_ATTENDANCE(ID, DATE, LOCATION, TYPE, BLOCK_ID, STUDENT_ID) VALUES (33, '2018-12-13', 'Argiro', 'EAM', 2, 986834);
INSERT INTO TM_ATTENDANCE(ID, DATE, LOCATION, TYPE, BLOCK_ID, STUDENT_ID) VALUES (34, '2018-12-14', 'Argiro', 'EAM', 2, 986834);
INSERT INTO TM_ATTENDANCE(ID, DATE, LOCATION, TYPE, BLOCK_ID, STUDENT_ID) VALUES (35, '2018-12-15', 'Argiro', 'EAM', 2, 986834);
INSERT INTO TM_ATTENDANCE(ID, DATE, LOCATION, TYPE, BLOCK_ID, STUDENT_ID) VALUES (36, '2018-12-16', 'Argiro', 'EAM', 2, 986834);
INSERT INTO TM_ATTENDANCE(ID, DATE, LOCATION, TYPE, BLOCK_ID, STUDENT_ID) VALUES (37, '2018-12-17', 'Argiro', 'EAM', 2, 986834);
INSERT INTO TM_ATTENDANCE(ID, DATE, LOCATION, TYPE, BLOCK_ID, STUDENT_ID) VALUES (38, '2018-12-18', 'Argiro', 'EAM', 2, 986834);
INSERT INTO TM_ATTENDANCE(ID, DATE, LOCATION, TYPE, BLOCK_ID, STUDENT_ID) VALUES (39, '2018-12-19', 'Argiro', 'EAM', 2, 986834);
INSERT INTO TM_ATTENDANCE(ID, DATE, LOCATION, TYPE, BLOCK_ID, STUDENT_ID) VALUES (40, '2018-12-20', 'Argiro', 'EAM', 2, 986834);
INSERT INTO TM_ATTENDANCE(ID, DATE, LOCATION, TYPE, BLOCK_ID, STUDENT_ID) VALUES (41, '2018-12-21', 'Argiro', 'EAM', 2, 986834);
INSERT INTO TM_ATTENDANCE(ID, DATE, LOCATION, TYPE, BLOCK_ID, STUDENT_ID) VALUES (42, '2018-12-22', 'Argiro', 'EAM', 2, 986834);
INSERT INTO TM_ATTENDANCE(ID, DATE, LOCATION, TYPE, BLOCK_ID, STUDENT_ID) VALUES (43, '2018-12-23', 'Argiro', 'EAM', 2, 986834);
INSERT INTO TM_ATTENDANCE(ID, DATE, LOCATION, TYPE, BLOCK_ID, STUDENT_ID) VALUES (44, '2018-12-24', 'Argiro', 'EAM', 2, 986834);


INSERT INTO Entry (id, date_entry) VALUES (1, '2018-08-08');
INSERT INTO Entry (id, date_entry) VALUES (2, '2018-11-08');
INSERT INTO Entry (id, date_entry) VALUES (3, '2019-02-08');


INSERT INTO User(user_id,active, email, name, last_name, password) values(10,1, '7755@mum.edu', '7755', '7755','$2a$10$.YWv5U13xQQdeWCYSZx8UeauVA3N4byEtBZgNLDwfVUj2iQ6UcB72');
INSERT into USER_ROLE values (10,3);
INSERT INTO Student(mum_Id,entry,user_id,attended_Sessions,percentage) VALUES (7755, '11-18', 10,0,0);
INSERT INTO User(user_id,active, email, name, last_name, password) values(11,1, '5502@mum.edu', '5502', '5502','$2a$10$.YWv5U13xQQdeWCYSZx8UeauVA3N4byEtBZgNLDwfVUj2iQ6UcB72');
INSERT into USER_ROLE values (11,3);
INSERT INTO Student(mum_Id,entry,user_id,attended_Sessions,percentage) VALUES (5502, '11-18', 11,0,0);
INSERT INTO User(user_id,active, email, name, last_name, password) values(12,1, '6120@mum.edu', '6120', '6120','$2a$10$.YWv5U13xQQdeWCYSZx8UeauVA3N4byEtBZgNLDwfVUj2iQ6UcB72');
INSERT into USER_ROLE values (12,3);
INSERT INTO Student(mum_Id,entry,user_id,attended_Sessions,percentage) VALUES (6120, '11-18', 12,0,0);
INSERT INTO User(user_id,active, email, name, last_name, password) values(13,1, '5007@mum.edu', '5007', '5007','$2a$10$.YWv5U13xQQdeWCYSZx8UeauVA3N4byEtBZgNLDwfVUj2iQ6UcB72');
INSERT into USER_ROLE values (13,3);
INSERT INTO Student(mum_Id,entry,user_id,attended_Sessions,percentage) VALUES (5007, '11-18', 13,0,0);
INSERT INTO User(user_id,active, email, name, last_name, password) values(14,1, '4984@mum.edu', '4984', '4984','$2a$10$.YWv5U13xQQdeWCYSZx8UeauVA3N4byEtBZgNLDwfVUj2iQ6UcB72');
INSERT into USER_ROLE values (14,3);
INSERT INTO Student(mum_Id,entry,user_id,attended_Sessions,percentage) VALUES (4984, '11-18', 14,0,0);
INSERT INTO User(user_id,active, email, name, last_name, password) values(15,1, '7540@mum.edu', '7540', '7540','$2a$10$.YWv5U13xQQdeWCYSZx8UeauVA3N4byEtBZgNLDwfVUj2iQ6UcB72');
INSERT into USER_ROLE values (15,3);
INSERT INTO Student(mum_Id,entry,user_id,attended_Sessions,percentage) VALUES (7540, '11-18', 15,0,0);
INSERT INTO User(user_id,active, email, name, last_name, password) values(16,1, '8373@mum.edu', '8373', '8373','$2a$10$.YWv5U13xQQdeWCYSZx8UeauVA3N4byEtBZgNLDwfVUj2iQ6UcB72');
INSERT into USER_ROLE values (16,3);
INSERT INTO Student(mum_Id,entry,user_id,attended_Sessions,percentage) VALUES (8373, '11-18', 16,0,0);
INSERT INTO User(user_id,active, email, name, last_name, password) values(17,1, '5619@mum.edu', '5619', '5619','$2a$10$.YWv5U13xQQdeWCYSZx8UeauVA3N4byEtBZgNLDwfVUj2iQ6UcB72');
INSERT into USER_ROLE values (17,3);
INSERT INTO Student(mum_Id,entry,user_id,attended_Sessions,percentage) VALUES (5619, '11-18', 17,0,0);
INSERT INTO User(user_id,active, email, name, last_name, password) values(18,1, '5734@mum.edu', '5734', '5734','$2a$10$.YWv5U13xQQdeWCYSZx8UeauVA3N4byEtBZgNLDwfVUj2iQ6UcB72');
INSERT into USER_ROLE values (18,3);
INSERT INTO Student(mum_Id,entry,user_id,attended_Sessions,percentage) VALUES (5734, '11-18', 18,0,0);
INSERT INTO User(user_id,active, email, name, last_name, password) values(19,1, '5379@mum.edu', '5379', '5379','$2a$10$.YWv5U13xQQdeWCYSZx8UeauVA3N4byEtBZgNLDwfVUj2iQ6UcB72');
INSERT into USER_ROLE values (19,3);
INSERT INTO Student(mum_Id,entry,user_id,attended_Sessions,percentage) VALUES (5379, '11-18', 19,0,0);
INSERT INTO User(user_id,active, email, name, last_name, password) values(20,1, '7557@mum.edu', '7557', '7557','$2a$10$.YWv5U13xQQdeWCYSZx8UeauVA3N4byEtBZgNLDwfVUj2iQ6UcB72');
INSERT into USER_ROLE values (20,3);
INSERT INTO Student(mum_Id,entry,user_id,attended_Sessions,percentage) VALUES (7557, '11-18', 20,0,0);
INSERT INTO User(user_id,active, email, name, last_name, password) values(21,1, '8688@mum.edu', '8688', '8688','$2a$10$.YWv5U13xQQdeWCYSZx8UeauVA3N4byEtBZgNLDwfVUj2iQ6UcB72');
INSERT into USER_ROLE values (21,3);
INSERT INTO Student(mum_Id,entry,user_id,attended_Sessions,percentage) VALUES (8688, '11-18', 21,0,0);
INSERT INTO User(user_id,active, email, name, last_name, password) values(22,1, '4901@mum.edu', '4901', '4901','$2a$10$.YWv5U13xQQdeWCYSZx8UeauVA3N4byEtBZgNLDwfVUj2iQ6UcB72');
INSERT into USER_ROLE values (22,3);
INSERT INTO Student(mum_Id,entry,user_id,attended_Sessions,percentage) VALUES (4901, '11-18', 22,0,0);
INSERT INTO User(user_id,active, email, name, last_name, password) values(23,1, '7995@mum.edu', '7995', '7995','$2a$10$.YWv5U13xQQdeWCYSZx8UeauVA3N4byEtBZgNLDwfVUj2iQ6UcB72');
INSERT into USER_ROLE values (23,3);
INSERT INTO Student(mum_Id,entry,user_id,attended_Sessions,percentage) VALUES (7995, '11-18', 23,0,0);
INSERT INTO User(user_id,active, email, name, last_name, password) values(24,1, '7649@mum.edu', '7649', '7649','$2a$10$.YWv5U13xQQdeWCYSZx8UeauVA3N4byEtBZgNLDwfVUj2iQ6UcB72');
INSERT into USER_ROLE values (24,3);
INSERT INTO Student(mum_Id,entry,user_id,attended_Sessions,percentage) VALUES (7649, '11-18', 24,0,0);
INSERT INTO User(user_id,active, email, name, last_name, password) values(25,1, '5239@mum.edu', '5239', '5239','$2a$10$.YWv5U13xQQdeWCYSZx8UeauVA3N4byEtBZgNLDwfVUj2iQ6UcB72');
INSERT into USER_ROLE values (25,3);
INSERT INTO Student(mum_Id,entry,user_id,attended_Sessions,percentage) VALUES (5239, '11-18', 25,0,0);
INSERT INTO User(user_id,active, email, name, last_name, password) values(26,1, '5585@mum.edu', '5585', '5585','$2a$10$.YWv5U13xQQdeWCYSZx8UeauVA3N4byEtBZgNLDwfVUj2iQ6UcB72');
INSERT into USER_ROLE values (26,3);
INSERT INTO Student(mum_Id,entry,user_id,attended_Sessions,percentage) VALUES (5585, '11-18', 26,0,0);
INSERT INTO User(user_id,active, email, name, last_name, password) values(27,1, '6724@mum.edu', '6724', '6724','$2a$10$.YWv5U13xQQdeWCYSZx8UeauVA3N4byEtBZgNLDwfVUj2iQ6UcB72');
INSERT into USER_ROLE values (27,3);
INSERT INTO Student(mum_Id,entry,user_id,attended_Sessions,percentage) VALUES (6724, '11-18', 27,0,0);
INSERT INTO User(user_id,active, email, name, last_name, password) values(28,1, '4068@mum.edu', '4068', '4068','$2a$10$.YWv5U13xQQdeWCYSZx8UeauVA3N4byEtBZgNLDwfVUj2iQ6UcB72');
INSERT into USER_ROLE values (28,3);
INSERT INTO Student(mum_Id,entry,user_id,attended_Sessions,percentage) VALUES (4068, '11-18', 28,0,0);
INSERT INTO User(user_id,active, email, name, last_name, password) values(29,1, '5064@mum.edu', '5064', '5064','$2a$10$.YWv5U13xQQdeWCYSZx8UeauVA3N4byEtBZgNLDwfVUj2iQ6UcB72');
INSERT into USER_ROLE values (29,3);
INSERT INTO Student(mum_Id,entry,user_id,attended_Sessions,percentage) VALUES (5064, '11-18', 29,0,0);
INSERT INTO User(user_id,active, email, name, last_name, password) values(30,1, '7912@mum.edu', '7912', '7912','$2a$10$.YWv5U13xQQdeWCYSZx8UeauVA3N4byEtBZgNLDwfVUj2iQ6UcB72');
INSERT into USER_ROLE values (30,3);
INSERT INTO Student(mum_Id,entry,user_id,attended_Sessions,percentage) VALUES (7912, '11-18', 30,0,0);
INSERT INTO User(user_id,active, email, name, last_name, password) values(31,1, '7763@mum.edu', '7763', '7763','$2a$10$.YWv5U13xQQdeWCYSZx8UeauVA3N4byEtBZgNLDwfVUj2iQ6UcB72');
INSERT into USER_ROLE values (31,3);
INSERT INTO Student(mum_Id,entry,user_id,attended_Sessions,percentage) VALUES (7763, '11-18', 31,0,0);
INSERT INTO User(user_id,active, email, name, last_name, password) values(32,1, '9927@mum.edu', '9927', '9927','$2a$10$.YWv5U13xQQdeWCYSZx8UeauVA3N4byEtBZgNLDwfVUj2iQ6UcB72');
INSERT into USER_ROLE values (32,3);
INSERT INTO Student(mum_Id,entry,user_id,attended_Sessions,percentage) VALUES (9927, '11-18', 32,0,0);
INSERT INTO User(user_id,active, email, name, last_name, password) values(33,1, '7391@mum.edu', '7391', '7391','$2a$10$.YWv5U13xQQdeWCYSZx8UeauVA3N4byEtBZgNLDwfVUj2iQ6UcB72');
INSERT into USER_ROLE values (33,3);
INSERT INTO Student(mum_Id,entry,user_id,attended_Sessions,percentage) VALUES (7391, '11-18', 33,0,0);
INSERT INTO User(user_id,active, email, name, last_name, password) values(34,1, '5817@mum.edu', '5817', '5817','$2a$10$.YWv5U13xQQdeWCYSZx8UeauVA3N4byEtBZgNLDwfVUj2iQ6UcB72');
INSERT into USER_ROLE values (34,3);
INSERT INTO Student(mum_Id,entry,user_id,attended_Sessions,percentage) VALUES (5817, '11-18', 34,0,0);
INSERT INTO User(user_id,active, email, name, last_name, password) values(35,1, '8522@mum.edu', '8522', '8522','$2a$10$.YWv5U13xQQdeWCYSZx8UeauVA3N4byEtBZgNLDwfVUj2iQ6UcB72');
INSERT into USER_ROLE values (35,3);
INSERT INTO Student(mum_Id,entry,user_id,attended_Sessions,percentage) VALUES (8522, '11-18', 35,0,0);
INSERT INTO User(user_id,active, email, name, last_name, password) values(36,1, '5940@mum.edu', '5940', '5940','$2a$10$.YWv5U13xQQdeWCYSZx8UeauVA3N4byEtBZgNLDwfVUj2iQ6UcB72');
INSERT into USER_ROLE values (36,3);
INSERT INTO Student(mum_Id,entry,user_id,attended_Sessions,percentage) VALUES (5940, '11-18', 36,0,0);
INSERT INTO User(user_id,active, email, name, last_name, password) values(37,1, '7334@mum.edu', '7334', '7334','$2a$10$.YWv5U13xQQdeWCYSZx8UeauVA3N4byEtBZgNLDwfVUj2iQ6UcB72');
INSERT into USER_ROLE values (37,3);
INSERT INTO Student(mum_Id,entry,user_id,attended_Sessions,percentage) VALUES (7334, '11-18', 37,0,0);
INSERT INTO User(user_id,active, email, name, last_name, password) values(38,1, '6195@mum.edu', '6195', '6195','$2a$10$.YWv5U13xQQdeWCYSZx8UeauVA3N4byEtBZgNLDwfVUj2iQ6UcB72');
INSERT into USER_ROLE values (38,3);
INSERT INTO Student(mum_Id,entry,user_id,attended_Sessions,percentage) VALUES (6195, '11-18', 38,0,0);
INSERT INTO User(user_id,active, email, name, last_name, password) values(39,1, '5270@mum.edu', '5270', '5270','$2a$10$.YWv5U13xQQdeWCYSZx8UeauVA3N4byEtBZgNLDwfVUj2iQ6UcB72');
INSERT into USER_ROLE values (39,3);
INSERT INTO Student(mum_Id,entry,user_id,attended_Sessions,percentage) VALUES (5270, '11-18', 39,0,0);
INSERT INTO User(user_id,active, email, name, last_name, password) values(40,1, '8167@mum.edu', '8167', '8167','$2a$10$.YWv5U13xQQdeWCYSZx8UeauVA3N4byEtBZgNLDwfVUj2iQ6UcB72');
INSERT into USER_ROLE values (40,3);
INSERT INTO Student(mum_Id,entry,user_id,attended_Sessions,percentage) VALUES (8167, '11-18', 40,0,0);
INSERT INTO User(user_id,active, email, name, last_name, password) values(41,1, '8316@mum.edu', '8316', '8316','$2a$10$.YWv5U13xQQdeWCYSZx8UeauVA3N4byEtBZgNLDwfVUj2iQ6UcB72');
INSERT into USER_ROLE values (41,3);
INSERT INTO Student(mum_Id,entry,user_id,attended_Sessions,percentage) VALUES (8316, '11-18', 41,0,0);
INSERT INTO User(user_id,active, email, name, last_name, password) values(42,1, '8118@mum.edu', '8118', '8118','$2a$10$.YWv5U13xQQdeWCYSZx8UeauVA3N4byEtBZgNLDwfVUj2iQ6UcB72');
INSERT into USER_ROLE values (42,3);
INSERT INTO Student(mum_Id,entry,user_id,attended_Sessions,percentage) VALUES (8118, '11-18', 42,0,0);
INSERT INTO User(user_id,active, email, name, last_name, password) values(43,1, '5213@mum.edu', '5213', '5213','$2a$10$.YWv5U13xQQdeWCYSZx8UeauVA3N4byEtBZgNLDwfVUj2iQ6UcB72');
INSERT into USER_ROLE values (43,3);
INSERT INTO Student(mum_Id,entry,user_id,attended_Sessions,percentage) VALUES (5213, '11-18', 43,0,0);
INSERT INTO User(user_id,active, email, name, last_name, password) values(44,1, '5551@mum.edu', '5551', '5551','$2a$10$.YWv5U13xQQdeWCYSZx8UeauVA3N4byEtBZgNLDwfVUj2iQ6UcB72');
INSERT into USER_ROLE values (44,3);
INSERT INTO Student(mum_Id,entry,user_id,attended_Sessions,percentage) VALUES (5551, '11-18', 44,0,0);
INSERT INTO User(user_id,active, email, name, last_name, password) values(45,1, '7706@mum.edu', '7706', '7706','$2a$10$.YWv5U13xQQdeWCYSZx8UeauVA3N4byEtBZgNLDwfVUj2iQ6UcB72');
INSERT into USER_ROLE values (45,3);
INSERT INTO Student(mum_Id,entry,user_id,attended_Sessions,percentage) VALUES (7706, '11-18', 45,0,0);
INSERT INTO User(user_id,active, email, name, last_name, password) values(46,1, '5528@mum.edu', '5528', '5528','$2a$10$.YWv5U13xQQdeWCYSZx8UeauVA3N4byEtBZgNLDwfVUj2iQ6UcB72');
INSERT into USER_ROLE values (46,3);
INSERT INTO Student(mum_Id,entry,user_id,attended_Sessions,percentage) VALUES (5528, '11-18', 46,0,0);
INSERT INTO User(user_id,active, email, name, last_name, password) values(47,1, '4935@mum.edu', '4935', '4935','$2a$10$.YWv5U13xQQdeWCYSZx8UeauVA3N4byEtBZgNLDwfVUj2iQ6UcB72');
INSERT into USER_ROLE values (47,3);
INSERT INTO Student(mum_Id,entry,user_id,attended_Sessions,percentage) VALUES (4935, '11-18', 47,0,0);
INSERT INTO User(user_id,active, email, name, last_name, password) values(48,1, '5791@mum.edu', '5791', '5791','$2a$10$.YWv5U13xQQdeWCYSZx8UeauVA3N4byEtBZgNLDwfVUj2iQ6UcB72');
INSERT into USER_ROLE values (48,3);
INSERT INTO Student(mum_Id,entry,user_id,attended_Sessions,percentage) VALUES (5791, '11-18', 48,0,0);
INSERT INTO User(user_id,active, email, name, last_name, password) values(49,1, '6286@mum.edu', '6286', '6286','$2a$10$.YWv5U13xQQdeWCYSZx8UeauVA3N4byEtBZgNLDwfVUj2iQ6UcB72');
INSERT into USER_ROLE values (49,3);
INSERT INTO Student(mum_Id,entry,user_id,attended_Sessions,percentage) VALUES (6286, '11-18', 49,0,0);
INSERT INTO User(user_id,active, email, name, last_name, password) values(50,1, '8399@mum.edu', '8399', '8399','$2a$10$.YWv5U13xQQdeWCYSZx8UeauVA3N4byEtBZgNLDwfVUj2iQ6UcB72');
INSERT into USER_ROLE values (50,3);
INSERT INTO Student(mum_Id,entry,user_id,attended_Sessions,percentage) VALUES (8399, '11-18', 50,0,0);
INSERT INTO User(user_id,active, email, name, last_name, password) values(51,1, '9919@mum.edu', '9919', '9919','$2a$10$.YWv5U13xQQdeWCYSZx8UeauVA3N4byEtBZgNLDwfVUj2iQ6UcB72');
INSERT into USER_ROLE values (51,3);
INSERT INTO Student(mum_Id,entry,user_id,attended_Sessions,percentage) VALUES (9919, '11-18', 51,0,0);
INSERT INTO User(user_id,active, email, name, last_name, password) values(52,1, '5296@mum.edu', '5296', '5296','$2a$10$.YWv5U13xQQdeWCYSZx8UeauVA3N4byEtBZgNLDwfVUj2iQ6UcB72');
INSERT into USER_ROLE values (52,3);
INSERT INTO Student(mum_Id,entry,user_id,attended_Sessions,percentage) VALUES (5296, '11-18', 52,0,0);
INSERT INTO User(user_id,active, email, name, last_name, password) values(53,1, '7938@mum.edu', '7938', '7938','$2a$10$.YWv5U13xQQdeWCYSZx8UeauVA3N4byEtBZgNLDwfVUj2iQ6UcB72');
INSERT into USER_ROLE values (53,3);
INSERT INTO Student(mum_Id,entry,user_id,attended_Sessions,percentage) VALUES (7938, '11-18', 53,0,0);
INSERT INTO User(user_id,active, email, name, last_name, password) values(54,1, '6278@mum.edu', '6278', '6278','$2a$10$.YWv5U13xQQdeWCYSZx8UeauVA3N4byEtBZgNLDwfVUj2iQ6UcB72');
INSERT into USER_ROLE values (54,3);
INSERT INTO Student(mum_Id,entry,user_id,attended_Sessions,percentage) VALUES (6278, '11-18', 54,0,0);
INSERT INTO User(user_id,active, email, name, last_name, password) values(55,1, '8639@mum.edu', '8639', '8639','$2a$10$.YWv5U13xQQdeWCYSZx8UeauVA3N4byEtBZgNLDwfVUj2iQ6UcB72');
INSERT into USER_ROLE values (55,3);
INSERT INTO Student(mum_Id,entry,user_id,attended_Sessions,percentage) VALUES (8639, '11-18', 55,0,0);
INSERT INTO User(user_id,active, email, name, last_name, password) values(56,1, '5536@mum.edu', '5536', '5536','$2a$10$.YWv5U13xQQdeWCYSZx8UeauVA3N4byEtBZgNLDwfVUj2iQ6UcB72');
INSERT into USER_ROLE values (56,3);
INSERT INTO Student(mum_Id,entry,user_id,attended_Sessions,percentage) VALUES (5536, '11-18', 56,0,0);
INSERT INTO User(user_id,active, email, name, last_name, password) values(57,1, '2780@mum.edu', '2780', '2780','$2a$10$.YWv5U13xQQdeWCYSZx8UeauVA3N4byEtBZgNLDwfVUj2iQ6UcB72');
INSERT into USER_ROLE values (57,3);
INSERT INTO Student(mum_Id,entry,user_id,attended_Sessions,percentage) VALUES (2780, '11-18', 57,0,0);
INSERT INTO User(user_id,active, email, name, last_name, password) values(58,1, '7672@mum.edu', '7672', '7672','$2a$10$.YWv5U13xQQdeWCYSZx8UeauVA3N4byEtBZgNLDwfVUj2iQ6UcB72');
INSERT into USER_ROLE values (58,3);
INSERT INTO Student(mum_Id,entry,user_id,attended_Sessions,percentage) VALUES (7672, '11-18', 58,0,0);
INSERT INTO User(user_id,active, email, name, last_name, password) values(59,1, '8525@mum.edu', '8525', '8525','$2a$10$.YWv5U13xQQdeWCYSZx8UeauVA3N4byEtBZgNLDwfVUj2iQ6UcB72');
INSERT into USER_ROLE values (59,3);
INSERT INTO Student(mum_Id,entry,user_id,attended_Sessions,percentage) VALUES (8525, '11-18', 59,0,0);
INSERT INTO User(user_id,active, email, name, last_name, password) values(60,1, '8456@mum.edu', '8456', '8456','$2a$10$.YWv5U13xQQdeWCYSZx8UeauVA3N4byEtBZgNLDwfVUj2iQ6UcB72');
INSERT into USER_ROLE values (60,3);
INSERT INTO Student(mum_Id,entry,user_id,attended_Sessions,percentage) VALUES (8456, '11-18', 60,0,0);
INSERT INTO User(user_id,active, email, name, last_name, password) values(61,1, '8001@mum.edu', '8001', '8001','$2a$10$.YWv5U13xQQdeWCYSZx8UeauVA3N4byEtBZgNLDwfVUj2iQ6UcB72');
INSERT into USER_ROLE values (61,3);
INSERT INTO Student(mum_Id,entry,user_id,attended_Sessions,percentage) VALUES (8001, '11-18', 61,0,0);
INSERT INTO User(user_id,active, email, name, last_name, password) values(62,1, '5445@mum.edu', '5445', '5445','$2a$10$.YWv5U13xQQdeWCYSZx8UeauVA3N4byEtBZgNLDwfVUj2iQ6UcB72');
INSERT into USER_ROLE values (62,3);
INSERT INTO Student(mum_Id,entry,user_id,attended_Sessions,percentage) VALUES (5445, '11-18', 62,0,0);
INSERT INTO User(user_id,active, email, name, last_name, password) values(63,1, '5130@mum.edu', '5130', '5130','$2a$10$.YWv5U13xQQdeWCYSZx8UeauVA3N4byEtBZgNLDwfVUj2iQ6UcB72');
INSERT into USER_ROLE values (63,3);
INSERT INTO Student(mum_Id,entry,user_id,attended_Sessions,percentage) VALUES (5130, '11-18', 63,0,0);
INSERT INTO User(user_id,active, email, name, last_name, password) values(64,1, '7417@mum.edu', '7417', '7417','$2a$10$.YWv5U13xQQdeWCYSZx8UeauVA3N4byEtBZgNLDwfVUj2iQ6UcB72');
INSERT into USER_ROLE values (64,3);
INSERT INTO Student(mum_Id,entry,user_id,attended_Sessions,percentage) VALUES (7417, '11-18', 64,0,0);
INSERT INTO User(user_id,active, email, name, last_name, password) values(65,1, '8662@mum.edu', '8662', '8662','$2a$10$.YWv5U13xQQdeWCYSZx8UeauVA3N4byEtBZgNLDwfVUj2iQ6UcB72');
INSERT into USER_ROLE values (65,3);
INSERT INTO Student(mum_Id,entry,user_id,attended_Sessions,percentage) VALUES (8662, '11-18', 65,0,0);
INSERT INTO User(user_id,active, email, name, last_name, password) values(66,1, '5353@mum.edu', '5353', '5353','$2a$10$.YWv5U13xQQdeWCYSZx8UeauVA3N4byEtBZgNLDwfVUj2iQ6UcB72');
INSERT into USER_ROLE values (66,3);
INSERT INTO Student(mum_Id,entry,user_id,attended_Sessions,percentage) VALUES (5353, '11-18', 66,0,0);
INSERT INTO User(user_id,active, email, name, last_name, password) values(67,1, '5957@mum.edu', '5957', '5957','$2a$10$.YWv5U13xQQdeWCYSZx8UeauVA3N4byEtBZgNLDwfVUj2iQ6UcB72');
INSERT into USER_ROLE values (67,3);
INSERT INTO Student(mum_Id,entry,user_id,attended_Sessions,percentage) VALUES (5957, '11-18', 67,0,0);
INSERT INTO User(user_id,active, email, name, last_name, password) values(68,1, '7680@mum.edu', '7680', '7680','$2a$10$.YWv5U13xQQdeWCYSZx8UeauVA3N4byEtBZgNLDwfVUj2iQ6UcB72');
INSERT into USER_ROLE values (68,3);
INSERT INTO Student(mum_Id,entry,user_id,attended_Sessions,percentage) VALUES (7680, '11-18', 68,0,0);
INSERT INTO User(user_id,active, email, name, last_name, password) values(69,1, '7474@mum.edu', '7474', '7474','$2a$10$.YWv5U13xQQdeWCYSZx8UeauVA3N4byEtBZgNLDwfVUj2iQ6UcB72');
INSERT into USER_ROLE values (69,3);
INSERT INTO Student(mum_Id,entry,user_id,attended_Sessions,percentage) VALUES (7474, '11-18', 69,0,0);
INSERT INTO User(user_id,active, email, name, last_name, password) values(70,1, '8605@mum.edu', '8605', '8605','$2a$10$.YWv5U13xQQdeWCYSZx8UeauVA3N4byEtBZgNLDwfVUj2iQ6UcB72');
INSERT into USER_ROLE values (70,3);
INSERT INTO Student(mum_Id,entry,user_id,attended_Sessions,percentage) VALUES (8605, '11-18', 70,0,0);
INSERT INTO User(user_id,active, email, name, last_name, password) values(71,1, '7623@mum.edu', '7623', '7623','$2a$10$.YWv5U13xQQdeWCYSZx8UeauVA3N4byEtBZgNLDwfVUj2iQ6UcB72');
INSERT into USER_ROLE values (71,3);
INSERT INTO Student(mum_Id,entry,user_id,attended_Sessions,percentage) VALUES (7623, '11-18', 71,0,0);
INSERT INTO User(user_id,active, email, name, last_name, password) values(72,1, '7375@mum.edu', '7375', '7375','$2a$10$.YWv5U13xQQdeWCYSZx8UeauVA3N4byEtBZgNLDwfVUj2iQ6UcB72');
INSERT into USER_ROLE values (72,3);
INSERT INTO Student(mum_Id,entry,user_id,attended_Sessions,percentage) VALUES (7375, '11-18', 72,0,0);
INSERT INTO User(user_id,active, email, name, last_name, password) values(73,1, '5809@mum.edu', '5809', '5809','$2a$10$.YWv5U13xQQdeWCYSZx8UeauVA3N4byEtBZgNLDwfVUj2iQ6UcB72');
INSERT into USER_ROLE values (73,3);
INSERT INTO Student(mum_Id,entry,user_id,attended_Sessions,percentage) VALUES (5809, '11-18', 73,0,0);
INSERT INTO User(user_id,active, email, name, last_name, password) values(74,1, '7730@mum.edu', '7730', '7730','$2a$10$.YWv5U13xQQdeWCYSZx8UeauVA3N4byEtBZgNLDwfVUj2iQ6UcB72');
INSERT into USER_ROLE values (74,3);
INSERT INTO Student(mum_Id,entry,user_id,attended_Sessions,percentage) VALUES (7730, '11-18', 74,0,0);
INSERT INTO User(user_id,active, email, name, last_name, password) values(75,1, '8563@mum.edu', '8563', '8563','$2a$10$.YWv5U13xQQdeWCYSZx8UeauVA3N4byEtBZgNLDwfVUj2iQ6UcB72');
INSERT into USER_ROLE values (75,3);
INSERT INTO Student(mum_Id,entry,user_id,attended_Sessions,percentage) VALUES (8563, '11-18', 75,0,0);
INSERT INTO User(user_id,active, email, name, last_name, password) values(76,1, '5122@mum.edu', '5122', '5122','$2a$10$.YWv5U13xQQdeWCYSZx8UeauVA3N4byEtBZgNLDwfVUj2iQ6UcB72');
INSERT into USER_ROLE values (76,3);
INSERT INTO Student(mum_Id,entry,user_id,attended_Sessions,percentage) VALUES (5122, '11-18', 76,0,0);
INSERT INTO User(user_id,active, email, name, last_name, password) values(77,1, '6187@mum.edu', '6187', '6187','$2a$10$.YWv5U13xQQdeWCYSZx8UeauVA3N4byEtBZgNLDwfVUj2iQ6UcB72');
INSERT into USER_ROLE values (77,3);
INSERT INTO Student(mum_Id,entry,user_id,attended_Sessions,percentage) VALUES (6187, '11-18', 77,0,0);
INSERT INTO User(user_id,active, email, name, last_name, password) values(78,1, '7615@mum.edu', '7615', '7615','$2a$10$.YWv5U13xQQdeWCYSZx8UeauVA3N4byEtBZgNLDwfVUj2iQ6UcB72');
INSERT into USER_ROLE values (78,3);
INSERT INTO Student(mum_Id,entry,user_id,attended_Sessions,percentage) VALUES (7615, '11-18', 78,0,0);
INSERT INTO User(user_id,active, email, name, last_name, password) values(79,1, '4844@mum.edu', '4844', '4844','$2a$10$.YWv5U13xQQdeWCYSZx8UeauVA3N4byEtBZgNLDwfVUj2iQ6UcB72');
INSERT into USER_ROLE values (79,3);
INSERT INTO Student(mum_Id,entry,user_id,attended_Sessions,percentage) VALUES (4844, '11-18', 79,0,0);
INSERT INTO User(user_id,active, email, name, last_name, password) values(80,1, '5437@mum.edu', '5437', '5437','$2a$10$.YWv5U13xQQdeWCYSZx8UeauVA3N4byEtBZgNLDwfVUj2iQ6UcB72');
INSERT into USER_ROLE values (80,3);
INSERT INTO Student(mum_Id,entry,user_id,attended_Sessions,percentage) VALUES (5437, '11-18', 80,0,0);
INSERT INTO User(user_id,active, email, name, last_name, password) values(81,1, '2921@mum.edu', '2921', '2921','$2a$10$.YWv5U13xQQdeWCYSZx8UeauVA3N4byEtBZgNLDwfVUj2iQ6UcB72');
INSERT into USER_ROLE values (81,3);
INSERT INTO Student(mum_Id,entry,user_id,attended_Sessions,percentage) VALUES (2921, '11-18', 81,0,0);
INSERT INTO User(user_id,active, email, name, last_name, password) values(82,1, '5577@mum.edu', '5577', '5577','$2a$10$.YWv5U13xQQdeWCYSZx8UeauVA3N4byEtBZgNLDwfVUj2iQ6UcB72');
INSERT into USER_ROLE values (82,3);
INSERT INTO Student(mum_Id,entry,user_id,attended_Sessions,percentage) VALUES (5577, '11-18', 82,0,0);
INSERT INTO User(user_id,active, email, name, last_name, password) values(83,1, '7987@mum.edu', '7987', '7987','$2a$10$.YWv5U13xQQdeWCYSZx8UeauVA3N4byEtBZgNLDwfVUj2iQ6UcB72');
INSERT into USER_ROLE values (83,3);
INSERT INTO Student(mum_Id,entry,user_id,attended_Sessions,percentage) VALUES (7987, '11-18', 83,0,0);
INSERT INTO User(user_id,active, email, name, last_name, password) values(84,1, '7847@mum.edu', '7847', '7847','$2a$10$.YWv5U13xQQdeWCYSZx8UeauVA3N4byEtBZgNLDwfVUj2iQ6UcB72');
INSERT into USER_ROLE values (84,3);
INSERT INTO Student(mum_Id,entry,user_id,attended_Sessions,percentage) VALUES (7847, '11-18', 84,0,0);
INSERT INTO User(user_id,active, email, name, last_name, password) values(85,1, '5932@mum.edu', '5932', '5932','$2a$10$.YWv5U13xQQdeWCYSZx8UeauVA3N4byEtBZgNLDwfVUj2iQ6UcB72');
INSERT into USER_ROLE values (85,3);
INSERT INTO Student(mum_Id,entry,user_id,attended_Sessions,percentage) VALUES (5932, '11-18', 85,0,0);
INSERT INTO User(user_id,active, email, name, last_name, password) values(86,1, '5205@mum.edu', '5205', '5205','$2a$10$.YWv5U13xQQdeWCYSZx8UeauVA3N4byEtBZgNLDwfVUj2iQ6UcB72');
INSERT into USER_ROLE values (86,3);
INSERT INTO Student(mum_Id,entry,user_id,attended_Sessions,percentage) VALUES (5205, '11-18', 86,0,0);
INSERT INTO User(user_id,active, email, name, last_name, password) values(87,1, '5254@mum.edu', '5254', '5254','$2a$10$.YWv5U13xQQdeWCYSZx8UeauVA3N4byEtBZgNLDwfVUj2iQ6UcB72');
INSERT into USER_ROLE values (87,3);
INSERT INTO Student(mum_Id,entry,user_id,attended_Sessions,percentage) VALUES (5254, '11-18', 87,0,0);
INSERT INTO User(user_id,active, email, name, last_name, password) values(88,1, '7532@mum.edu', '7532', '7532','$2a$10$.YWv5U13xQQdeWCYSZx8UeauVA3N4byEtBZgNLDwfVUj2iQ6UcB72');
INSERT into USER_ROLE values (88,3);
INSERT INTO Student(mum_Id,entry,user_id,attended_Sessions,percentage) VALUES (7532, '11-18', 88,0,0);
INSERT INTO User(user_id,active, email, name, last_name, password) values(89,1, '7953@mum.edu', '7953', '7953','$2a$10$.YWv5U13xQQdeWCYSZx8UeauVA3N4byEtBZgNLDwfVUj2iQ6UcB72');
INSERT into USER_ROLE values (89,3);
INSERT INTO Student(mum_Id,entry,user_id,attended_Sessions,percentage) VALUES (7953, '11-18', 89,0,0);
INSERT INTO User(user_id,active, email, name, last_name, password) values(90,1, '8720@mum.edu', '8720', '8720','$2a$10$.YWv5U13xQQdeWCYSZx8UeauVA3N4byEtBZgNLDwfVUj2iQ6UcB72');
INSERT into USER_ROLE values (90,3);
INSERT INTO Student(mum_Id,entry,user_id,attended_Sessions,percentage) VALUES (8720, '11-18', 90,0,0);
INSERT INTO User(user_id,active, email, name, last_name, password) values(91,1, '7979@mum.edu', '7979', '7979','$2a$10$.YWv5U13xQQdeWCYSZx8UeauVA3N4byEtBZgNLDwfVUj2iQ6UcB72');
INSERT into USER_ROLE values (91,3);
INSERT INTO Student(mum_Id,entry,user_id,attended_Sessions,percentage) VALUES (7979, '11-18', 91,0,0);
INSERT INTO User(user_id,active, email, name, last_name, password) values(92,1, '8571@mum.edu', '8571', '8571','$2a$10$.YWv5U13xQQdeWCYSZx8UeauVA3N4byEtBZgNLDwfVUj2iQ6UcB72');
INSERT into USER_ROLE values (92,3);
INSERT INTO Student(mum_Id,entry,user_id,attended_Sessions,percentage) VALUES (8571, '11-18', 92,0,0);
INSERT INTO User(user_id,active, email, name, last_name, password) values(93,1, '5866@mum.edu', '5866', '5866','$2a$10$.YWv5U13xQQdeWCYSZx8UeauVA3N4byEtBZgNLDwfVUj2iQ6UcB72');
INSERT into USER_ROLE values (93,3);
INSERT INTO Student(mum_Id,entry,user_id,attended_Sessions,percentage) VALUES (5866, '11-18', 93,0,0);
INSERT INTO User(user_id,active, email, name, last_name, password) values(94,1, '4927@mum.edu', '4927', '4927','$2a$10$.YWv5U13xQQdeWCYSZx8UeauVA3N4byEtBZgNLDwfVUj2iQ6UcB72');
INSERT into USER_ROLE values (94,3);
INSERT INTO Student(mum_Id,entry,user_id,attended_Sessions,percentage) VALUES (4927, '11-18', 94,0,0);
INSERT INTO User(user_id,active, email, name, last_name, password) values(95,1, '8365@mum.edu', '8365', '8365','$2a$10$.YWv5U13xQQdeWCYSZx8UeauVA3N4byEtBZgNLDwfVUj2iQ6UcB72');
INSERT into USER_ROLE values (95,3);
INSERT INTO Student(mum_Id,entry,user_id,attended_Sessions,percentage) VALUES (8365, '11-18', 95,0,0);
INSERT INTO User(user_id,active, email, name, last_name, password) values(96,1, '7383@mum.edu', '7383', '7383','$2a$10$.YWv5U13xQQdeWCYSZx8UeauVA3N4byEtBZgNLDwfVUj2iQ6UcB72');
INSERT into USER_ROLE values (96,3);
INSERT INTO Student(mum_Id,entry,user_id,attended_Sessions,percentage) VALUES (7383, '11-18', 96,0,0);
INSERT INTO User(user_id,active, email, name, last_name, password) values(97,1, '4976@mum.edu', '4976', '4976','$2a$10$.YWv5U13xQQdeWCYSZx8UeauVA3N4byEtBZgNLDwfVUj2iQ6UcB72');
INSERT into USER_ROLE values (97,3);
INSERT INTO Student(mum_Id,entry,user_id,attended_Sessions,percentage) VALUES (4976, '11-18', 97,0,0);
INSERT INTO User(user_id,active, email, name, last_name, password) values(98,1, '7581@mum.edu', '7581', '7581','$2a$10$.YWv5U13xQQdeWCYSZx8UeauVA3N4byEtBZgNLDwfVUj2iQ6UcB72');
INSERT into USER_ROLE values (98,3);
INSERT INTO Student(mum_Id,entry,user_id,attended_Sessions,percentage) VALUES (7581, '11-18', 98,0,0);
INSERT INTO User(user_id,active, email, name, last_name, password) values(99,1, '5262@mum.edu', '5262', '5262','$2a$10$.YWv5U13xQQdeWCYSZx8UeauVA3N4byEtBZgNLDwfVUj2iQ6UcB72');
INSERT into USER_ROLE values (99,3);
INSERT INTO Student(mum_Id,entry,user_id,attended_Sessions,percentage) VALUES (5262, '11-18', 99,0,0);
INSERT INTO User(user_id,active, email, name, last_name, password) values(100,1, '7326@mum.edu', '7326', '7326','$2a$10$.YWv5U13xQQdeWCYSZx8UeauVA3N4byEtBZgNLDwfVUj2iQ6UcB72');
INSERT into USER_ROLE values (100,3);
INSERT INTO Student(mum_Id,entry,user_id,attended_Sessions,percentage) VALUES (7326, '11-18', 100,0,0);
INSERT INTO User(user_id,active, email, name, last_name, password) values(101,1, '6542@mum.edu', '6542', '6542','$2a$10$.YWv5U13xQQdeWCYSZx8UeauVA3N4byEtBZgNLDwfVUj2iQ6UcB72');
INSERT into USER_ROLE values (101,3);
INSERT INTO Student(mum_Id,entry,user_id,attended_Sessions,percentage) VALUES (6542, '11-18', 101,0,0);
INSERT INTO User(user_id,active, email, name, last_name, password) values(102,1, '4919@mum.edu', '4919', '4919','$2a$10$.YWv5U13xQQdeWCYSZx8UeauVA3N4byEtBZgNLDwfVUj2iQ6UcB72');
INSERT into USER_ROLE values (102,3);
INSERT INTO Student(mum_Id,entry,user_id,attended_Sessions,percentage) VALUES (4919, '11-18', 102,0,0);
INSERT INTO User(user_id,active, email, name, last_name, password) values(103,1, '5460@mum.edu', '5460', '5460','$2a$10$.YWv5U13xQQdeWCYSZx8UeauVA3N4byEtBZgNLDwfVUj2iQ6UcB72');
INSERT into USER_ROLE values (103,3);
INSERT INTO Student(mum_Id,entry,user_id,attended_Sessions,percentage) VALUES (5460, '11-18', 103,0,0);
INSERT INTO User(user_id,active, email, name, last_name, password) values(104,1, '5411@mum.edu', '5411', '5411','$2a$10$.YWv5U13xQQdeWCYSZx8UeauVA3N4byEtBZgNLDwfVUj2iQ6UcB72');
INSERT into USER_ROLE values (104,3);
INSERT INTO Student(mum_Id,entry,user_id,attended_Sessions,percentage) VALUES (5411, '11-18', 104,0,0);
INSERT INTO User(user_id,active, email, name, last_name, password) values(105,1, '8514@mum.edu', '8514', '8514','$2a$10$.YWv5U13xQQdeWCYSZx8UeauVA3N4byEtBZgNLDwfVUj2iQ6UcB72');
INSERT into USER_ROLE values (105,3);
INSERT INTO Student(mum_Id,entry,user_id,attended_Sessions,percentage) VALUES (8514, '11-18', 105,0,0);
INSERT INTO User(user_id,active, email, name, last_name, password) values(106,1, '5858@mum.edu', '5858', '5858','$2a$10$.YWv5U13xQQdeWCYSZx8UeauVA3N4byEtBZgNLDwfVUj2iQ6UcB72');
INSERT into USER_ROLE values (106,3);
INSERT INTO Student(mum_Id,entry,user_id,attended_Sessions,percentage) VALUES (5858, '11-18', 106,0,0);
INSERT INTO User(user_id,active, email, name, last_name, password) values(107,1, '5171@mum.edu', '5171', '5171','$2a$10$.YWv5U13xQQdeWCYSZx8UeauVA3N4byEtBZgNLDwfVUj2iQ6UcB72');
INSERT into USER_ROLE values (107,3);
INSERT INTO Student(mum_Id,entry,user_id,attended_Sessions,percentage) VALUES (5171, '11-18', 107,0,0);
INSERT INTO User(user_id,active, email, name, last_name, password) values(108,1, '7664@mum.edu', '7664', '7664','$2a$10$.YWv5U13xQQdeWCYSZx8UeauVA3N4byEtBZgNLDwfVUj2iQ6UcB72');
INSERT into USER_ROLE values (108,3);
INSERT INTO Student(mum_Id,entry,user_id,attended_Sessions,percentage) VALUES (7664, '11-18', 108,0,0);
INSERT INTO User(user_id,active, email, name, last_name, password) values(109,1, '7466@mum.edu', '7466', '7466','$2a$10$.YWv5U13xQQdeWCYSZx8UeauVA3N4byEtBZgNLDwfVUj2iQ6UcB72');
INSERT into USER_ROLE values (109,3);
INSERT INTO Student(mum_Id,entry,user_id,attended_Sessions,percentage) VALUES (7466, '11-18', 109,0,0);
INSERT INTO User(user_id,active, email, name, last_name, password) values(110,1, '5643@mum.edu', '5643', '5643','$2a$10$.YWv5U13xQQdeWCYSZx8UeauVA3N4byEtBZgNLDwfVUj2iQ6UcB72');
INSERT into USER_ROLE values (110,3);
INSERT INTO Student(mum_Id,entry,user_id,attended_Sessions,percentage) VALUES (5643, '11-18', 110,0,0);
INSERT INTO User(user_id,active, email, name, last_name, password) values(111,1, '5056@mum.edu', '5056', '5056','$2a$10$.YWv5U13xQQdeWCYSZx8UeauVA3N4byEtBZgNLDwfVUj2iQ6UcB72');
INSERT into USER_ROLE values (111,3);
INSERT INTO Student(mum_Id,entry,user_id,attended_Sessions,percentage) VALUES (5056, '11-18', 111,0,0);
INSERT INTO User(user_id,active, email, name, last_name, password) values(112,1, '6138@mum.edu', '6138', '6138','$2a$10$.YWv5U13xQQdeWCYSZx8UeauVA3N4byEtBZgNLDwfVUj2iQ6UcB72');
INSERT into USER_ROLE values (112,3);
INSERT INTO Student(mum_Id,entry,user_id,attended_Sessions,percentage) VALUES (6138, '11-18', 112,0,0);
INSERT INTO User(user_id,active, email, name, last_name, password) values(113,1, '7904@mum.edu', '7904', '7904','$2a$10$.YWv5U13xQQdeWCYSZx8UeauVA3N4byEtBZgNLDwfVUj2iQ6UcB72');
INSERT into USER_ROLE values (113,3);
INSERT INTO Student(mum_Id,entry,user_id,attended_Sessions,percentage) VALUES (7904, '11-18', 113,0,0);
INSERT INTO User(user_id,active, email, name, last_name, password) values(114,1, '5981@mum.edu', '5981', '5981','$2a$10$.YWv5U13xQQdeWCYSZx8UeauVA3N4byEtBZgNLDwfVUj2iQ6UcB72');
INSERT into USER_ROLE values (114,3);
INSERT INTO Student(mum_Id,entry,user_id,attended_Sessions,percentage) VALUES (5981, '11-18', 114,0,0);
INSERT INTO User(user_id,active, email, name, last_name, password) values(115,1, '4950@mum.edu', '4950', '4950','$2a$10$.YWv5U13xQQdeWCYSZx8UeauVA3N4byEtBZgNLDwfVUj2iQ6UcB72');
INSERT into USER_ROLE values (115,3);
INSERT INTO Student(mum_Id,entry,user_id,attended_Sessions,percentage) VALUES (4950, '11-18', 115,0,0);
INSERT INTO User(user_id,active, email, name, last_name, password) values(116,1, '6021@mum.edu', '6021', '6021','$2a$10$.YWv5U13xQQdeWCYSZx8UeauVA3N4byEtBZgNLDwfVUj2iQ6UcB72');
INSERT into USER_ROLE values (116,3);
INSERT INTO Student(mum_Id,entry,user_id,attended_Sessions,percentage) VALUES (6021, '11-18', 116,0,0);
INSERT INTO User(user_id,active, email, name, last_name, password) values(117,1, '5783@mum.edu', '5783', '5783','$2a$10$.YWv5U13xQQdeWCYSZx8UeauVA3N4byEtBZgNLDwfVUj2iQ6UcB72');
INSERT into USER_ROLE values (117,3);
INSERT INTO Student(mum_Id,entry,user_id,attended_Sessions,percentage) VALUES (5783, '11-18', 117,0,0);
INSERT INTO User(user_id,active, email, name, last_name, password) values(118,1, '7896@mum.edu', '7896', '7896','$2a$10$.YWv5U13xQQdeWCYSZx8UeauVA3N4byEtBZgNLDwfVUj2iQ6UcB72');
INSERT into USER_ROLE values (118,3);
INSERT INTO Student(mum_Id,entry,user_id,attended_Sessions,percentage) VALUES (7896, '11-18', 118,0,0);
INSERT INTO User(user_id,active, email, name, last_name, password) values(119,1, '4893@mum.edu', '4893', '4893','$2a$10$.YWv5U13xQQdeWCYSZx8UeauVA3N4byEtBZgNLDwfVUj2iQ6UcB72');
INSERT into USER_ROLE values (119,3);
INSERT INTO Student(mum_Id,entry,user_id,attended_Sessions,percentage) VALUES (4893, '11-18', 119,0,0);
INSERT INTO User(user_id,active, email, name, last_name, password) values(120,1, '7698@mum.edu', '7698', '7698','$2a$10$.YWv5U13xQQdeWCYSZx8UeauVA3N4byEtBZgNLDwfVUj2iQ6UcB72');
INSERT into USER_ROLE values (120,3);
INSERT INTO Student(mum_Id,entry,user_id,attended_Sessions,percentage) VALUES (7698, '11-18', 120,0,0);
INSERT INTO User(user_id,active, email, name, last_name, password) values(121,1, '5288@mum.edu', '5288', '5288','$2a$10$.YWv5U13xQQdeWCYSZx8UeauVA3N4byEtBZgNLDwfVUj2iQ6UcB72');
INSERT into USER_ROLE values (121,3);
INSERT INTO Student(mum_Id,entry,user_id,attended_Sessions,percentage) VALUES (5288, '11-18', 121,0,0);
INSERT INTO User(user_id,active, email, name, last_name, password) values(122,1, '8597@mum.edu', '8597', '8597','$2a$10$.YWv5U13xQQdeWCYSZx8UeauVA3N4byEtBZgNLDwfVUj2iQ6UcB72');
INSERT into USER_ROLE values (122,3);
INSERT INTO Student(mum_Id,entry,user_id,attended_Sessions,percentage) VALUES (8597, '11-18', 122,0,0);
INSERT INTO User(user_id,active, email, name, last_name, password) values(123,1, '8431@mum.edu', '8431', '8431','$2a$10$.YWv5U13xQQdeWCYSZx8UeauVA3N4byEtBZgNLDwfVUj2iQ6UcB72');
INSERT into USER_ROLE values (123,3);
INSERT INTO Student(mum_Id,entry,user_id,attended_Sessions,percentage) VALUES (8431, '11-18', 123,0,0);
INSERT INTO User(user_id,active, email, name, last_name, password) values(124,1, '8076@mum.edu', '8076', '8076','$2a$10$.YWv5U13xQQdeWCYSZx8UeauVA3N4byEtBZgNLDwfVUj2iQ6UcB72');
INSERT into USER_ROLE values (124,3);
INSERT INTO Student(mum_Id,entry,user_id,attended_Sessions,percentage) VALUES (8076, '11-18', 124,0,0);
INSERT INTO User(user_id,active, email, name, last_name, password) values(125,1, '8050@mum.edu', '8050', '8050','$2a$10$.YWv5U13xQQdeWCYSZx8UeauVA3N4byEtBZgNLDwfVUj2iQ6UcB72');
INSERT into USER_ROLE values (125,3);
INSERT INTO Student(mum_Id,entry,user_id,attended_Sessions,percentage) VALUES (8050, '11-18', 125,0,0);
INSERT INTO User(user_id,active, email, name, last_name, password) values(126,1, '8480@mum.edu', '8480', '8480','$2a$10$.YWv5U13xQQdeWCYSZx8UeauVA3N4byEtBZgNLDwfVUj2iQ6UcB72');
INSERT into USER_ROLE values (126,3);
INSERT INTO Student(mum_Id,entry,user_id,attended_Sessions,percentage) VALUES (8480, '11-18', 126,0,0);
INSERT INTO User(user_id,active, email, name, last_name, password) values(127,1, '5726@mum.edu', '5726', '5726','$2a$10$.YWv5U13xQQdeWCYSZx8UeauVA3N4byEtBZgNLDwfVUj2iQ6UcB72');
INSERT into USER_ROLE values (127,3);
INSERT INTO Student(mum_Id,entry,user_id,attended_Sessions,percentage) VALUES (5726, '11-18', 127,0,0);
INSERT INTO User(user_id,active, email, name, last_name, password) values(128,1, '7409@mum.edu', '7409', '7409','$2a$10$.YWv5U13xQQdeWCYSZx8UeauVA3N4byEtBZgNLDwfVUj2iQ6UcB72');
INSERT into USER_ROLE values (128,3);
INSERT INTO Student(mum_Id,entry,user_id,attended_Sessions,percentage) VALUES (7409, '11-18', 128,0,0);
INSERT INTO User(user_id,active, email, name, last_name, password) values(129,1, '7458@mum.edu', '7458', '7458','$2a$10$.YWv5U13xQQdeWCYSZx8UeauVA3N4byEtBZgNLDwfVUj2iQ6UcB72');
INSERT into USER_ROLE values (129,3);
INSERT INTO Student(mum_Id,entry,user_id,attended_Sessions,percentage) VALUES (7458, '11-18', 129,0,0);
INSERT INTO User(user_id,active, email, name, last_name, password) values(130,1, '6625@mum.edu', '6625', '6625','$2a$10$.YWv5U13xQQdeWCYSZx8UeauVA3N4byEtBZgNLDwfVUj2iQ6UcB72');
INSERT into USER_ROLE values (130,3);
INSERT INTO Student(mum_Id,entry,user_id,attended_Sessions,percentage) VALUES (6625, '11-18', 130,0,0);
INSERT INTO User(user_id,active, email, name, last_name, password) values(131,1, '8548@mum.edu', '8548', '8548','$2a$10$.YWv5U13xQQdeWCYSZx8UeauVA3N4byEtBZgNLDwfVUj2iQ6UcB72');
INSERT into USER_ROLE values (131,3);
INSERT INTO Student(mum_Id,entry,user_id,attended_Sessions,percentage) VALUES (8548, '11-18', 131,0,0);
INSERT INTO User(user_id,active, email, name, last_name, password) values(132,1, '8746@mum.edu', '8746', '8746','$2a$10$.YWv5U13xQQdeWCYSZx8UeauVA3N4byEtBZgNLDwfVUj2iQ6UcB72');
INSERT into USER_ROLE values (132,3);
INSERT INTO Student(mum_Id,entry,user_id,attended_Sessions,percentage) VALUES (8746, '11-18', 132,0,0);
INSERT INTO User(user_id,active, email, name, last_name, password) values(133,1, '5700@mum.edu', '5700', '5700','$2a$10$.YWv5U13xQQdeWCYSZx8UeauVA3N4byEtBZgNLDwfVUj2iQ6UcB72');
INSERT into USER_ROLE values (133,3);
INSERT INTO Student(mum_Id,entry,user_id,attended_Sessions,percentage) VALUES (5700, '11-18', 133,0,0);
INSERT INTO User(user_id,active, email, name, last_name, password) values(134,1, '6104@mum.edu', '6104', '6104','$2a$10$.YWv5U13xQQdeWCYSZx8UeauVA3N4byEtBZgNLDwfVUj2iQ6UcB72');
INSERT into USER_ROLE values (134,3);
INSERT INTO Student(mum_Id,entry,user_id,attended_Sessions,percentage) VALUES (6104, '11-18', 134,0,0);
INSERT INTO User(user_id,active, email, name, last_name, password) values(135,1, '8654@mum.edu', '8654', '8654','$2a$10$.YWv5U13xQQdeWCYSZx8UeauVA3N4byEtBZgNLDwfVUj2iQ6UcB72');
INSERT into USER_ROLE values (135,3);
INSERT INTO Student(mum_Id,entry,user_id,attended_Sessions,percentage) VALUES (8654, '11-18', 135,0,0);
INSERT INTO User(user_id,active, email, name, last_name, password) values(136,1, '7870@mum.edu', '7870', '7870','$2a$10$.YWv5U13xQQdeWCYSZx8UeauVA3N4byEtBZgNLDwfVUj2iQ6UcB72');
INSERT into USER_ROLE values (136,3);
INSERT INTO Student(mum_Id,entry,user_id,attended_Sessions,percentage) VALUES (7870, '11-18', 136,0,0);
INSERT INTO User(user_id,active, email, name, last_name, password) values(137,1, '7821@mum.edu', '7821', '7821','$2a$10$.YWv5U13xQQdeWCYSZx8UeauVA3N4byEtBZgNLDwfVUj2iQ6UcB72');
INSERT into USER_ROLE values (137,3);
INSERT INTO Student(mum_Id,entry,user_id,attended_Sessions,percentage) VALUES (7821, '11-18', 137,0,0);
INSERT INTO User(user_id,active, email, name, last_name, password) values(138,1, '6617@mum.edu', '6617', '6617','$2a$10$.YWv5U13xQQdeWCYSZx8UeauVA3N4byEtBZgNLDwfVUj2iQ6UcB72');
INSERT into USER_ROLE values (138,3);
INSERT INTO Student(mum_Id,entry,user_id,attended_Sessions,percentage) VALUES (6617, '11-18', 138,0,0);
INSERT INTO User(user_id,active, email, name, last_name, password) values(139,1, '5692@mum.edu', '5692', '5692','$2a$10$.YWv5U13xQQdeWCYSZx8UeauVA3N4byEtBZgNLDwfVUj2iQ6UcB72');
INSERT into USER_ROLE values (139,3);
INSERT INTO Student(mum_Id,entry,user_id,attended_Sessions,percentage) VALUES (5692, '11-18', 139,0,0);
INSERT INTO User(user_id,active, email, name, last_name, password) values(140,1, '6047@mum.edu', '6047', '6047','$2a$10$.YWv5U13xQQdeWCYSZx8UeauVA3N4byEtBZgNLDwfVUj2iQ6UcB72');
INSERT into USER_ROLE values (140,3);
INSERT INTO Student(mum_Id,entry,user_id,attended_Sessions,percentage) VALUES (6047, '11-18', 140,0,0);
INSERT INTO User(user_id,active, email, name, last_name, password) values(141,1, '6070@mum.edu', '6070', '6070','$2a$10$.YWv5U13xQQdeWCYSZx8UeauVA3N4byEtBZgNLDwfVUj2iQ6UcB72');
INSERT into USER_ROLE values (141,3);
INSERT INTO Student(mum_Id,entry,user_id,attended_Sessions,percentage) VALUES (6070, '11-18', 141,0,0);
INSERT INTO User(user_id,active, email, name, last_name, password) values(142,1, '5429@mum.edu', '5429', '5429','$2a$10$.YWv5U13xQQdeWCYSZx8UeauVA3N4byEtBZgNLDwfVUj2iQ6UcB72');
INSERT into USER_ROLE values (142,3);
INSERT INTO Student(mum_Id,entry,user_id,attended_Sessions,percentage) VALUES (5429, '11-18', 142,0,0);
INSERT INTO User(user_id,active, email, name, last_name, password) values(143,1, '5452@mum.edu', '5452', '5452','$2a$10$.YWv5U13xQQdeWCYSZx8UeauVA3N4byEtBZgNLDwfVUj2iQ6UcB72');
INSERT into USER_ROLE values (143,3);
INSERT INTO Student(mum_Id,entry,user_id,attended_Sessions,percentage) VALUES (5452, '11-18', 143,0,0);
INSERT INTO User(user_id,active, email, name, last_name, password) values(144,1, '5197@mum.edu', '5197', '5197','$2a$10$.YWv5U13xQQdeWCYSZx8UeauVA3N4byEtBZgNLDwfVUj2iQ6UcB72');
INSERT into USER_ROLE values (144,3);
INSERT INTO Student(mum_Id,entry,user_id,attended_Sessions,percentage) VALUES (5197, '11-18', 144,0,0);
INSERT INTO User(user_id,active, email, name, last_name, password) values(145,1, '7805@mum.edu', '7805', '7805','$2a$10$.YWv5U13xQQdeWCYSZx8UeauVA3N4byEtBZgNLDwfVUj2iQ6UcB72');
INSERT into USER_ROLE values (145,3);
INSERT INTO Student(mum_Id,entry,user_id,attended_Sessions,percentage) VALUES (7805, '11-18', 145,0,0);
INSERT INTO User(user_id,active, email, name, last_name, password) values(146,1, '8795@mum.edu', '8795', '8795','$2a$10$.YWv5U13xQQdeWCYSZx8UeauVA3N4byEtBZgNLDwfVUj2iQ6UcB72');
INSERT into USER_ROLE values (146,3);
INSERT INTO Student(mum_Id,entry,user_id,attended_Sessions,percentage) VALUES (8795, '11-18', 146,0,0);
INSERT INTO User(user_id,active, email, name, last_name, password) values(147,1, '7490@mum.edu', '7490', '7490','$2a$10$.YWv5U13xQQdeWCYSZx8UeauVA3N4byEtBZgNLDwfVUj2iQ6UcB72');
INSERT into USER_ROLE values (147,3);
INSERT INTO Student(mum_Id,entry,user_id,attended_Sessions,percentage) VALUES (7490, '11-18', 147,0,0);
INSERT INTO User(user_id,active, email, name, last_name, password) values(148,1, '1585@mum.edu', '1585', '1585','$2a$10$.YWv5U13xQQdeWCYSZx8UeauVA3N4byEtBZgNLDwfVUj2iQ6UcB72');
INSERT into USER_ROLE values (148,3);
INSERT INTO Student(mum_Id,entry,user_id,attended_Sessions,percentage) VALUES (1585, '11-18', 148,0,0);
INSERT INTO User(user_id,active, email, name, last_name, password) values(149,1, '5569@mum.edu', '5569', '5569','$2a$10$.YWv5U13xQQdeWCYSZx8UeauVA3N4byEtBZgNLDwfVUj2iQ6UcB72');
INSERT into USER_ROLE values (149,3);
INSERT INTO Student(mum_Id,entry,user_id,attended_Sessions,percentage) VALUES (5569, '11-18', 149,0,0);
INSERT INTO User(user_id,active, email, name, last_name, password) values(150,1, '5080@mum.edu', '5080', '5080','$2a$10$.YWv5U13xQQdeWCYSZx8UeauVA3N4byEtBZgNLDwfVUj2iQ6UcB72');
INSERT into USER_ROLE values (150,3);
INSERT INTO Student(mum_Id,entry,user_id,attended_Sessions,percentage) VALUES (5080, '11-18', 150,0,0);
INSERT INTO User(user_id,active, email, name, last_name, password) values(151,1, '5767@mum.edu', '5767', '5767','$2a$10$.YWv5U13xQQdeWCYSZx8UeauVA3N4byEtBZgNLDwfVUj2iQ6UcB72');
INSERT into USER_ROLE values (151,3);
INSERT INTO Student(mum_Id,entry,user_id,attended_Sessions,percentage) VALUES (5767, '11-18', 151,0,0);
INSERT INTO User(user_id,active, email, name, last_name, password) values(152,1, '8423@mum.edu', '8423', '8423','$2a$10$.YWv5U13xQQdeWCYSZx8UeauVA3N4byEtBZgNLDwfVUj2iQ6UcB72');
INSERT into USER_ROLE values (152,3);
INSERT INTO Student(mum_Id,entry,user_id,attended_Sessions,percentage) VALUES (8423, '11-18', 152,0,0);
INSERT INTO User(user_id,active, email, name, last_name, password) values(153,1, '5924@mum.edu', '5924', '5924','$2a$10$.YWv5U13xQQdeWCYSZx8UeauVA3N4byEtBZgNLDwfVUj2iQ6UcB72');
INSERT into USER_ROLE values (153,3);
INSERT INTO Student(mum_Id,entry,user_id,attended_Sessions,percentage) VALUES (5924, '11-18', 153,0,0);
INSERT INTO User(user_id,active, email, name, last_name, password) values(154,1, '8191@mum.edu', '8191', '8191','$2a$10$.YWv5U13xQQdeWCYSZx8UeauVA3N4byEtBZgNLDwfVUj2iQ6UcB72');
INSERT into USER_ROLE values (154,3);
INSERT INTO Student(mum_Id,entry,user_id,attended_Sessions,percentage) VALUES (8191, '11-18', 154,0,0);
INSERT INTO User(user_id,active, email, name, last_name, password) values(155,1, '5684@mum.edu', '5684', '5684','$2a$10$.YWv5U13xQQdeWCYSZx8UeauVA3N4byEtBZgNLDwfVUj2iQ6UcB72');
INSERT into USER_ROLE values (155,3);
INSERT INTO Student(mum_Id,entry,user_id,attended_Sessions,percentage) VALUES (5684, '11-18', 155,0,0);
INSERT INTO User(user_id,active, email, name, last_name, password) values(156,1, '8100@mum.edu', '8100', '8100','$2a$10$.YWv5U13xQQdeWCYSZx8UeauVA3N4byEtBZgNLDwfVUj2iQ6UcB72');
INSERT into USER_ROLE values (156,3);
INSERT INTO Student(mum_Id,entry,user_id,attended_Sessions,percentage) VALUES (8100, '11-18', 156,0,0);
INSERT INTO User(user_id,active, email, name, last_name, password) values(157,1, '5395@mum.edu', '5395', '5395','$2a$10$.YWv5U13xQQdeWCYSZx8UeauVA3N4byEtBZgNLDwfVUj2iQ6UcB72');
INSERT into USER_ROLE values (157,3);
INSERT INTO Student(mum_Id,entry,user_id,attended_Sessions,percentage) VALUES (5395, '11-18', 157,0,0);
INSERT INTO User(user_id,active, email, name, last_name, password) values(158,1, '8761@mum.edu', '8761', '8761','$2a$10$.YWv5U13xQQdeWCYSZx8UeauVA3N4byEtBZgNLDwfVUj2iQ6UcB72');
INSERT into USER_ROLE values (158,3);
INSERT INTO Student(mum_Id,entry,user_id,attended_Sessions,percentage) VALUES (8761, '11-18', 158,0,0);
INSERT INTO User(user_id,active, email, name, last_name, password) values(159,1, '7367@mum.edu', '7367', '7367','$2a$10$.YWv5U13xQQdeWCYSZx8UeauVA3N4byEtBZgNLDwfVUj2iQ6UcB72');
INSERT into USER_ROLE values (159,3);
INSERT INTO Student(mum_Id,entry,user_id,attended_Sessions,percentage) VALUES (7367, '11-18', 159,0,0);
INSERT INTO User(user_id,active, email, name, last_name, password) values(160,1, '5346@mum.edu', '5346', '5346','$2a$10$.YWv5U13xQQdeWCYSZx8UeauVA3N4byEtBZgNLDwfVUj2iQ6UcB72');
INSERT into USER_ROLE values (160,3);
INSERT INTO Student(mum_Id,entry,user_id,attended_Sessions,percentage) VALUES (5346, '11-18', 160,0,0);
INSERT INTO User(user_id,active, email, name, last_name, password) values(161,1, '7524@mum.edu', '7524', '7524','$2a$10$.YWv5U13xQQdeWCYSZx8UeauVA3N4byEtBZgNLDwfVUj2iQ6UcB72');
INSERT into USER_ROLE values (161,3);
INSERT INTO Student(mum_Id,entry,user_id,attended_Sessions,percentage) VALUES (7524, '11-18', 161,0,0);
INSERT INTO User(user_id,active, email, name, last_name, password) values(162,1, '8449@mum.edu', '8449', '8449','$2a$10$.YWv5U13xQQdeWCYSZx8UeauVA3N4byEtBZgNLDwfVUj2iQ6UcB72');
INSERT into USER_ROLE values (162,3);
INSERT INTO Student(mum_Id,entry,user_id,attended_Sessions,percentage) VALUES (8449, '11-18', 162,0,0);
INSERT INTO User(user_id,active, email, name, last_name, password) values(163,1, '8555@mum.edu', '8555', '8555','$2a$10$.YWv5U13xQQdeWCYSZx8UeauVA3N4byEtBZgNLDwfVUj2iQ6UcB72');
INSERT into USER_ROLE values (163,3);
INSERT INTO Student(mum_Id,entry,user_id,attended_Sessions,percentage) VALUES (8555, '11-18', 163,0,0);
INSERT INTO User(user_id,active, email, name, last_name, password) values(164,1, '5403@mum.edu', '5403', '5403','$2a$10$.YWv5U13xQQdeWCYSZx8UeauVA3N4byEtBZgNLDwfVUj2iQ6UcB72');
INSERT into USER_ROLE values (164,3);
INSERT INTO Student(mum_Id,entry,user_id,attended_Sessions,percentage) VALUES (5403, '11-18', 164,0,0);
INSERT INTO User(user_id,active, email, name, last_name, password) values(165,1, '8712@mum.edu', '8712', '8712','$2a$10$.YWv5U13xQQdeWCYSZx8UeauVA3N4byEtBZgNLDwfVUj2iQ6UcB72');
INSERT into USER_ROLE values (165,3);
INSERT INTO Student(mum_Id,entry,user_id,attended_Sessions,percentage) VALUES (8712, '11-18', 165,0,0);
INSERT INTO User(user_id,active, email, name, last_name, password) values(166,1, '5601@mum.edu', '5601', '5601','$2a$10$.YWv5U13xQQdeWCYSZx8UeauVA3N4byEtBZgNLDwfVUj2iQ6UcB72');
INSERT into USER_ROLE values (166,3);
INSERT INTO Student(mum_Id,entry,user_id,attended_Sessions,percentage) VALUES (5601, '11-18', 166,0,0);
INSERT INTO User(user_id,active, email, name, last_name, password) values(167,1, '8357@mum.edu', '8357', '8357','$2a$10$.YWv5U13xQQdeWCYSZx8UeauVA3N4byEtBZgNLDwfVUj2iQ6UcB72');
INSERT into USER_ROLE values (167,3);
INSERT INTO Student(mum_Id,entry,user_id,attended_Sessions,percentage) VALUES (8357, '11-18', 167,0,0);
INSERT INTO User(user_id,active, email, name, last_name, password) values(168,1, '8506@mum.edu', '8506', '8506','$2a$10$.YWv5U13xQQdeWCYSZx8UeauVA3N4byEtBZgNLDwfVUj2iQ6UcB72');
INSERT into USER_ROLE values (168,3);
INSERT INTO Student(mum_Id,entry,user_id,attended_Sessions,percentage) VALUES (8506, '11-18', 168,0,0);
INSERT INTO User(user_id,active, email, name, last_name, password) values(169,1, '7573@mum.edu', '7573', '7573','$2a$10$.YWv5U13xQQdeWCYSZx8UeauVA3N4byEtBZgNLDwfVUj2iQ6UcB72');
INSERT into USER_ROLE values (169,3);
INSERT INTO Student(mum_Id,entry,user_id,attended_Sessions,percentage) VALUES (7573, '11-18', 169,0,0);
INSERT INTO User(user_id,active, email, name, last_name, password) values(170,1, '6740@mum.edu', '6740', '6740','$2a$10$.YWv5U13xQQdeWCYSZx8UeauVA3N4byEtBZgNLDwfVUj2iQ6UcB72');
INSERT into USER_ROLE values (170,3);
INSERT INTO Student(mum_Id,entry,user_id,attended_Sessions,percentage) VALUES (6740, '11-18', 170,0,0);
INSERT INTO User(user_id,active, email, name, last_name, password) values(171,1, '7722@mum.edu', '7722', '7722','$2a$10$.YWv5U13xQQdeWCYSZx8UeauVA3N4byEtBZgNLDwfVUj2iQ6UcB72');
INSERT into USER_ROLE values (171,3);
INSERT INTO Student(mum_Id,entry,user_id,attended_Sessions,percentage) VALUES (7722, '11-18', 171,0,0);
INSERT INTO User(user_id,active, email, name, last_name, password) values(172,1, '4968@mum.edu', '4968', '4968','$2a$10$.YWv5U13xQQdeWCYSZx8UeauVA3N4byEtBZgNLDwfVUj2iQ6UcB72');
INSERT into USER_ROLE values (172,3);
INSERT INTO Student(mum_Id,entry,user_id,attended_Sessions,percentage) VALUES (4968, '11-18', 172,0,0);
INSERT INTO User(user_id,active, email, name, last_name, password) values(173,1, '8704@mum.edu', '8704', '8704','$2a$10$.YWv5U13xQQdeWCYSZx8UeauVA3N4byEtBZgNLDwfVUj2iQ6UcB72');
INSERT into USER_ROLE values (173,3);
INSERT INTO Student(mum_Id,entry,user_id,attended_Sessions,percentage) VALUES (8704, '11-18', 173,0,0);
INSERT INTO User(user_id,active, email, name, last_name, password) values(174,1, '6096@mum.edu', '6096', '6096','$2a$10$.YWv5U13xQQdeWCYSZx8UeauVA3N4byEtBZgNLDwfVUj2iQ6UcB72');
INSERT into USER_ROLE values (174,3);
INSERT INTO Student(mum_Id,entry,user_id,attended_Sessions,percentage) VALUES (6096, '11-18', 174,0,0);
INSERT INTO User(user_id,active, email, name, last_name, password) values(175,1, '4885@mum.edu', '4885', '4885','$2a$10$.YWv5U13xQQdeWCYSZx8UeauVA3N4byEtBZgNLDwfVUj2iQ6UcB72');
INSERT into USER_ROLE values (175,3);
INSERT INTO Student(mum_Id,entry,user_id,attended_Sessions,percentage) VALUES (4885, '11-18', 175,0,0);
INSERT INTO User(user_id,active, email, name, last_name, password) values(176,1, '3820@mum.edu', '3820', '3820','$2a$10$.YWv5U13xQQdeWCYSZx8UeauVA3N4byEtBZgNLDwfVUj2iQ6UcB72');
INSERT into USER_ROLE values (176,3);
INSERT INTO Student(mum_Id,entry,user_id,attended_Sessions,percentage) VALUES (3820, '11-18', 176,0,0);
INSERT INTO User(user_id,active, email, name, last_name, password) values(177,1, '8134@mum.edu', '8134', '8134','$2a$10$.YWv5U13xQQdeWCYSZx8UeauVA3N4byEtBZgNLDwfVUj2iQ6UcB72');
INSERT into USER_ROLE values (177,3);
INSERT INTO Student(mum_Id,entry,user_id,attended_Sessions,percentage) VALUES (8134, '11-18', 177,0,0);
INSERT INTO User(user_id,active, email, name, last_name, password) values(178,1, '5478@mum.edu', '5478', '5478','$2a$10$.YWv5U13xQQdeWCYSZx8UeauVA3N4byEtBZgNLDwfVUj2iQ6UcB72');
INSERT into USER_ROLE values (178,3);
INSERT INTO Student(mum_Id,entry,user_id,attended_Sessions,percentage) VALUES (5478, '11-18', 178,0,0);
INSERT INTO User(user_id,active, email, name, last_name, password) values(179,1, '5031@mum.edu', '5031', '5031','$2a$10$.YWv5U13xQQdeWCYSZx8UeauVA3N4byEtBZgNLDwfVUj2iQ6UcB72');
INSERT into USER_ROLE values (179,3);
INSERT INTO Student(mum_Id,entry,user_id,attended_Sessions,percentage) VALUES (5031, '11-18', 179,0,0);
INSERT INTO User(user_id,active, email, name, last_name, password) values(180,1, '7516@mum.edu', '7516', '7516','$2a$10$.YWv5U13xQQdeWCYSZx8UeauVA3N4byEtBZgNLDwfVUj2iQ6UcB72');
INSERT into USER_ROLE values (180,3);
INSERT INTO Student(mum_Id,entry,user_id,attended_Sessions,percentage) VALUES (7516, '11-18', 180,0,0);
INSERT INTO User(user_id,active, email, name, last_name, password) values(181,1, '8472@mum.edu', '8472', '8472','$2a$10$.YWv5U13xQQdeWCYSZx8UeauVA3N4byEtBZgNLDwfVUj2iQ6UcB72');
INSERT into USER_ROLE values (181,3);
INSERT INTO Student(mum_Id,entry,user_id,attended_Sessions,percentage) VALUES (8472, '11-18', 181,0,0);
INSERT INTO User(user_id,active, email, name, last_name, password) values(182,1, '5718@mum.edu', '5718', '5718','$2a$10$.YWv5U13xQQdeWCYSZx8UeauVA3N4byEtBZgNLDwfVUj2iQ6UcB72');
INSERT into USER_ROLE values (182,3);
INSERT INTO Student(mum_Id,entry,user_id,attended_Sessions,percentage) VALUES (5718, '11-18', 182,0,0);
INSERT INTO User(user_id,active, email, name, last_name, password) values(183,1, '7441@mum.edu', '7441', '7441','$2a$10$.YWv5U13xQQdeWCYSZx8UeauVA3N4byEtBZgNLDwfVUj2iQ6UcB72');
INSERT into USER_ROLE values (183,3);
INSERT INTO Student(mum_Id,entry,user_id,attended_Sessions,percentage) VALUES (7441, '11-18', 183,0,0);
INSERT INTO User(user_id,active, email, name, last_name, password) values(184,1, '7656@mum.edu', '7656', '7656','$2a$10$.YWv5U13xQQdeWCYSZx8UeauVA3N4byEtBZgNLDwfVUj2iQ6UcB72');
INSERT into USER_ROLE values (184,3);
INSERT INTO Student(mum_Id,entry,user_id,attended_Sessions,percentage) VALUES (7656, '11-18', 184,0,0);
INSERT INTO User(user_id,active, email, name, last_name, password) values(185,1, '8589@mum.edu', '8589', '8589','$2a$10$.YWv5U13xQQdeWCYSZx8UeauVA3N4byEtBZgNLDwfVUj2iQ6UcB72');
INSERT into USER_ROLE values (185,3);
INSERT INTO Student(mum_Id,entry,user_id,attended_Sessions,percentage) VALUES (8589, '11-18', 185,0,0);
INSERT INTO User(user_id,active, email, name, last_name, password) values(186,1, '5635@mum.edu', '5635', '5635','$2a$10$.YWv5U13xQQdeWCYSZx8UeauVA3N4byEtBZgNLDwfVUj2iQ6UcB72');
INSERT into USER_ROLE values (186,3);
INSERT INTO Student(mum_Id,entry,user_id,attended_Sessions,percentage) VALUES (5635, '11-18', 186,0,0);
INSERT INTO User(user_id,active, email, name, last_name, password) values(187,1, '5973@mum.edu', '5973', '5973','$2a$10$.YWv5U13xQQdeWCYSZx8UeauVA3N4byEtBZgNLDwfVUj2iQ6UcB72');
INSERT into USER_ROLE values (187,3);
INSERT INTO Student(mum_Id,entry,user_id,attended_Sessions,percentage) VALUES (5973, '11-18', 187,0,0);
INSERT INTO User(user_id,active, email, name, last_name, password) values(188,1, '5486@mum.edu', '5486', '5486','$2a$10$.YWv5U13xQQdeWCYSZx8UeauVA3N4byEtBZgNLDwfVUj2iQ6UcB72');
INSERT into USER_ROLE values (188,3);
INSERT INTO Student(mum_Id,entry,user_id,attended_Sessions,percentage) VALUES (5486, '11-18', 188,0,0);
INSERT INTO User(user_id,active, email, name, last_name, password) values(189,1, '7599@mum.edu', '7599', '7599','$2a$10$.YWv5U13xQQdeWCYSZx8UeauVA3N4byEtBZgNLDwfVUj2iQ6UcB72');
INSERT into USER_ROLE values (189,3);
INSERT INTO Student(mum_Id,entry,user_id,attended_Sessions,percentage) VALUES (7599, '11-18', 189,0,0);
INSERT INTO User(user_id,active, email, name, last_name, password) values(190,1, '7862@mum.edu', '7862', '7862','$2a$10$.YWv5U13xQQdeWCYSZx8UeauVA3N4byEtBZgNLDwfVUj2iQ6UcB72');
INSERT into USER_ROLE values (190,3);
INSERT INTO Student(mum_Id,entry,user_id,attended_Sessions,percentage) VALUES (7862, '11-18', 190,0,0);
INSERT INTO User(user_id,active, email, name, last_name, password) values(191,1, '8787@mum.edu', '8787', '8787','$2a$10$.YWv5U13xQQdeWCYSZx8UeauVA3N4byEtBZgNLDwfVUj2iQ6UcB72');
INSERT into USER_ROLE values (191,3);
INSERT INTO Student(mum_Id,entry,user_id,attended_Sessions,percentage) VALUES (8787, '11-18', 191,0,0);
INSERT INTO User(user_id,active, email, name, last_name, password) values(192,1, '5775@mum.edu', '5775', '5775','$2a$10$.YWv5U13xQQdeWCYSZx8UeauVA3N4byEtBZgNLDwfVUj2iQ6UcB72');
INSERT into USER_ROLE values (192,3);
INSERT INTO Student(mum_Id,entry,user_id,attended_Sessions,percentage) VALUES (5775, '11-18', 192,0,0);
INSERT INTO User(user_id,active, email, name, last_name, password) values(193,1, '8266@mum.edu', '8266', '8266','$2a$10$.YWv5U13xQQdeWCYSZx8UeauVA3N4byEtBZgNLDwfVUj2iQ6UcB72');
INSERT into USER_ROLE values (193,3);
INSERT INTO Student(mum_Id,entry,user_id,attended_Sessions,percentage) VALUES (8266, '11-18', 193,0,0);
INSERT INTO User(user_id,active, email, name, last_name, password) values(194,1, '8217@mum.edu', '8217', '8217','$2a$10$.YWv5U13xQQdeWCYSZx8UeauVA3N4byEtBZgNLDwfVUj2iQ6UcB72');
INSERT into USER_ROLE values (194,3);
INSERT INTO Student(mum_Id,entry,user_id,attended_Sessions,percentage) VALUES (8217, '11-18', 194,0,0);
INSERT INTO User(user_id,active, email, name, last_name, password) values(195,1, '4828@mum.edu', '4828', '4828','$2a$10$.YWv5U13xQQdeWCYSZx8UeauVA3N4byEtBZgNLDwfVUj2iQ6UcB72');
INSERT into USER_ROLE values (195,3);
INSERT INTO Student(mum_Id,entry,user_id,attended_Sessions,percentage) VALUES (4828, '11-18', 195,0,0);
INSERT INTO User(user_id,active, email, name, last_name, password) values(196,1, '8738@mum.edu', '8738', '8738','$2a$10$.YWv5U13xQQdeWCYSZx8UeauVA3N4byEtBZgNLDwfVUj2iQ6UcB72');
INSERT into USER_ROLE values (196,3);
INSERT INTO Student(mum_Id,entry,user_id,attended_Sessions,percentage) VALUES (8738, '11-18', 196,0,0);
INSERT INTO User(user_id,active, email, name, last_name, password) values(197,1, '7888@mum.edu', '7888', '7888','$2a$10$.YWv5U13xQQdeWCYSZx8UeauVA3N4byEtBZgNLDwfVUj2iQ6UcB72');
INSERT into USER_ROLE values (197,3);
INSERT INTO Student(mum_Id,entry,user_id,attended_Sessions,percentage) VALUES (7888, '11-18', 197,0,0);
INSERT INTO User(user_id,active, email, name, last_name, password) values(198,1, '7839@mum.edu', '7839', '7839','$2a$10$.YWv5U13xQQdeWCYSZx8UeauVA3N4byEtBZgNLDwfVUj2iQ6UcB72');
INSERT into USER_ROLE values (198,3);
INSERT INTO Student(mum_Id,entry,user_id,attended_Sessions,percentage) VALUES (7839, '11-18', 198,0,0);
INSERT INTO User(user_id,active, email, name, last_name, password) values(199,1, '7433@mum.edu', '7433', '7433','$2a$10$.YWv5U13xQQdeWCYSZx8UeauVA3N4byEtBZgNLDwfVUj2iQ6UcB72');
INSERT into USER_ROLE values (199,3);
INSERT INTO Student(mum_Id,entry,user_id,attended_Sessions,percentage) VALUES (7433, '11-18', 199,0,0);
INSERT INTO User(user_id,active, email, name, last_name, password) values(200,1, '4851@mum.edu', '4851', '4851','$2a$10$.YWv5U13xQQdeWCYSZx8UeauVA3N4byEtBZgNLDwfVUj2iQ6UcB72');
INSERT into USER_ROLE values (200,3);
INSERT INTO Student(mum_Id,entry,user_id,attended_Sessions,percentage) VALUES (4851, '11-18', 200,0,0);
INSERT INTO User(user_id,active, email, name, last_name, password) values(201,1, '6039@mum.edu', '6039', '6039','$2a$10$.YWv5U13xQQdeWCYSZx8UeauVA3N4byEtBZgNLDwfVUj2iQ6UcB72');
INSERT into USER_ROLE values (201,3);
INSERT INTO Student(mum_Id,entry,user_id,attended_Sessions,percentage) VALUES (6039, '11-18', 201,0,0);
INSERT INTO User(user_id,active, email, name, last_name, password) values(202,1, '5890@mum.edu', '5890', '5890','$2a$10$.YWv5U13xQQdeWCYSZx8UeauVA3N4byEtBZgNLDwfVUj2iQ6UcB72');
INSERT into USER_ROLE values (202,3);
INSERT INTO Student(mum_Id,entry,user_id,attended_Sessions,percentage) VALUES (5890, '11-18', 202,0,0);
INSERT INTO User(user_id,active, email, name, last_name, password) values(203,1, '5841@mum.edu', '5841', '5841','$2a$10$.YWv5U13xQQdeWCYSZx8UeauVA3N4byEtBZgNLDwfVUj2iQ6UcB72');
INSERT into USER_ROLE values (203,3);
INSERT INTO Student(mum_Id,entry,user_id,attended_Sessions,percentage) VALUES (5841, '11-18', 203,0,0);
INSERT INTO User(user_id,active, email, name, last_name, password) values(204,1, '7619@mum.edu', '7619', '7619','$2a$10$.YWv5U13xQQdeWCYSZx8UeauVA3N4byEtBZgNLDwfVUj2iQ6UcB72');
INSERT into USER_ROLE values (204,3);
INSERT INTO Student(mum_Id,entry,user_id,attended_Sessions,percentage) VALUES (7619, '11-18', 204,0,0);
INSERT INTO User(user_id,active, email, name, last_name, password) values(205,1, '5320@mum.edu', '5320', '5320','$2a$10$.YWv5U13xQQdeWCYSZx8UeauVA3N4byEtBZgNLDwfVUj2iQ6UcB72');
INSERT into USER_ROLE values (205,3);
INSERT INTO Student(mum_Id,entry,user_id,attended_Sessions,percentage) VALUES (5320, '11-18', 205,0,0);
INSERT INTO User(user_id,active, email, name, last_name, password) values(206,1, '6351@mum.edu', '6351', '6351','$2a$10$.YWv5U13xQQdeWCYSZx8UeauVA3N4byEtBZgNLDwfVUj2iQ6UcB72');
INSERT into USER_ROLE values (206,3);
INSERT INTO Student(mum_Id,entry,user_id,attended_Sessions,percentage) VALUES (6351, '11-18', 206,0,0);
INSERT INTO User(user_id,active, email, name, last_name, password) values(207,1, '7284@mum.edu', '7284', '7284','$2a$10$.YWv5U13xQQdeWCYSZx8UeauVA3N4byEtBZgNLDwfVUj2iQ6UcB72');
INSERT into USER_ROLE values (207,3);
INSERT INTO Student(mum_Id,entry,user_id,attended_Sessions,percentage) VALUES (7284, '11-18', 207,0,0);
INSERT INTO User(user_id,active, email, name, last_name, password) values(208,1, '5114@mum.edu', '5114', '5114','$2a$10$.YWv5U13xQQdeWCYSZx8UeauVA3N4byEtBZgNLDwfVUj2iQ6UcB72');
INSERT into USER_ROLE values (208,3);
INSERT INTO Student(mum_Id,entry,user_id,attended_Sessions,percentage) VALUES (5114, '11-18', 208,0,0);
INSERT INTO User(user_id,active, email, name, last_name, password) values(209,1, '5163@mum.edu', '5163', '5163','$2a$10$.YWv5U13xQQdeWCYSZx8UeauVA3N4byEtBZgNLDwfVUj2iQ6UcB72');
INSERT into USER_ROLE values (209,3);
INSERT INTO Student(mum_Id,entry,user_id,attended_Sessions,percentage) VALUES (5163, '11-18', 209,0,0);
INSERT INTO User(user_id,active, email, name, last_name, password) values(210,1, '5882@mum.edu', '5882', '5882','$2a$10$.YWv5U13xQQdeWCYSZx8UeauVA3N4byEtBZgNLDwfVUj2iQ6UcB72');
INSERT into USER_ROLE values (210,3);
INSERT INTO Student(mum_Id,entry,user_id,attended_Sessions,percentage) VALUES (5882, '11-18', 210,0,0);
INSERT INTO User(user_id,active, email, name, last_name, password) values(211,1, '4886@mum.edu', '4886', '4886','$2a$10$.YWv5U13xQQdeWCYSZx8UeauVA3N4byEtBZgNLDwfVUj2iQ6UcB72');
INSERT into USER_ROLE values (211,3);
INSERT INTO Student(mum_Id,entry,user_id,attended_Sessions,percentage) VALUES (4886, '11-18', 211,0,0);
INSERT INTO User(user_id,active, email, name, last_name, password) values(212,1, '7565@mum.edu', '7565', '7565','$2a$10$.YWv5U13xQQdeWCYSZx8UeauVA3N4byEtBZgNLDwfVUj2iQ6UcB72');
INSERT into USER_ROLE values (212,3);
INSERT INTO Student(mum_Id,entry,user_id,attended_Sessions,percentage) VALUES (7565, '11-18', 212,0,0);
INSERT INTO User(user_id,active, email, name, last_name, password) values(213,1, '2848@mum.edu', '2848', '2848','$2a$10$.YWv5U13xQQdeWCYSZx8UeauVA3N4byEtBZgNLDwfVUj2iQ6UcB72');
INSERT into USER_ROLE values (213,3);
INSERT INTO Student(mum_Id,entry,user_id,attended_Sessions,percentage) VALUES (2848, '11-18', 213,0,0);
INSERT INTO User(user_id,active, email, name, last_name, password) values(214,1, '5049@mum.edu', '5049', '5049','$2a$10$.YWv5U13xQQdeWCYSZx8UeauVA3N4byEtBZgNLDwfVUj2iQ6UcB72');
INSERT into USER_ROLE values (214,3);
INSERT INTO Student(mum_Id,entry,user_id,attended_Sessions,percentage) VALUES (5049, '11-18', 214,0,0);
INSERT INTO User(user_id,active, email, name, last_name, password) values(215,1, '5742@mum.edu', '5742', '5742','$2a$10$.YWv5U13xQQdeWCYSZx8UeauVA3N4byEtBZgNLDwfVUj2iQ6UcB72');
INSERT into USER_ROLE values (215,3);
INSERT INTO Student(mum_Id,entry,user_id,attended_Sessions,percentage) VALUES (5742, '11-18', 215,0,0);
INSERT INTO User(user_id,active, email, name, last_name, password) values(216,1, '5544@mum.edu', '5544', '5544','$2a$10$.YWv5U13xQQdeWCYSZx8UeauVA3N4byEtBZgNLDwfVUj2iQ6UcB72');
INSERT into USER_ROLE values (216,3);
INSERT INTO Student(mum_Id,entry,user_id,attended_Sessions,percentage) VALUES (5544, '11-18', 216,0,0);
INSERT INTO User(user_id,active, email, name, last_name, password) values(217,1, '5627@mum.edu', '5627', '5627','$2a$10$.YWv5U13xQQdeWCYSZx8UeauVA3N4byEtBZgNLDwfVUj2iQ6UcB72');
INSERT into USER_ROLE values (217,3);
INSERT INTO Student(mum_Id,entry,user_id,attended_Sessions,percentage) VALUES (5627, '11-18', 217,0,0);
INSERT INTO User(user_id,active, email, name, last_name, password) values(218,1, '7797@mum.edu', '7797', '7797','$2a$10$.YWv5U13xQQdeWCYSZx8UeauVA3N4byEtBZgNLDwfVUj2iQ6UcB72');
INSERT into USER_ROLE values (218,3);
INSERT INTO Student(mum_Id,entry,user_id,attended_Sessions,percentage) VALUES (7797, '11-18', 218,0,0);
INSERT INTO User(user_id,active, email, name, last_name, password) values(219,1, '8381@mum.edu', '8381', '8381','$2a$10$.YWv5U13xQQdeWCYSZx8UeauVA3N4byEtBZgNLDwfVUj2iQ6UcB72');
INSERT into USER_ROLE values (219,3);
INSERT INTO Student(mum_Id,entry,user_id,attended_Sessions,percentage) VALUES (8381, '11-18', 219,0,0);
INSERT INTO User(user_id,active, email, name, last_name, password) values(220,1, '5387@mum.edu', '5387', '5387','$2a$10$.YWv5U13xQQdeWCYSZx8UeauVA3N4byEtBZgNLDwfVUj2iQ6UcB72');
INSERT into USER_ROLE values (220,3);
INSERT INTO Student(mum_Id,entry,user_id,attended_Sessions,percentage) VALUES (5387, '11-18', 220,0,0);
INSERT INTO User(user_id,active, email, name, last_name, password) values(221,1, '8530@mum.edu', '8530', '8530','$2a$10$.YWv5U13xQQdeWCYSZx8UeauVA3N4byEtBZgNLDwfVUj2iQ6UcB72');
INSERT into USER_ROLE values (221,3);
INSERT INTO Student(mum_Id,entry,user_id,attended_Sessions,percentage) VALUES (8530, '11-18', 221,0,0);
INSERT INTO User(user_id,active, email, name, last_name, password) values(222,1, '5189@mum.edu', '5189', '5189','$2a$10$.YWv5U13xQQdeWCYSZx8UeauVA3N4byEtBZgNLDwfVUj2iQ6UcB72');
INSERT into USER_ROLE values (222,3);
INSERT INTO Student(mum_Id,entry,user_id,attended_Sessions,percentage) VALUES (5189, '11-18', 222,0,0);
INSERT INTO User(user_id,active, email, name, last_name, password) values(223,1, '4992@mum.edu', '4992', '4992','$2a$10$.YWv5U13xQQdeWCYSZx8UeauVA3N4byEtBZgNLDwfVUj2iQ6UcB72');
INSERT into USER_ROLE values (223,3);
INSERT INTO Student(mum_Id,entry,user_id,attended_Sessions,percentage) VALUES (4992, '11-18', 223,0,0);
INSERT INTO User(user_id,active, email, name, last_name, password) values(224,1, '6583@mum.edu', '6583', '6583','$2a$10$.YWv5U13xQQdeWCYSZx8UeauVA3N4byEtBZgNLDwfVUj2iQ6UcB72');
INSERT into USER_ROLE values (224,3);
INSERT INTO Student(mum_Id,entry,user_id,attended_Sessions,percentage) VALUES (6583, '11-18', 224,0,0);
INSERT INTO User(user_id,active, email, name, last_name, password) values(225,1, '7508@mum.edu', '7508', '7508','$2a$10$.YWv5U13xQQdeWCYSZx8UeauVA3N4byEtBZgNLDwfVUj2iQ6UcB72');
INSERT into USER_ROLE values (225,3);
INSERT INTO Student(mum_Id,entry,user_id,attended_Sessions,percentage) VALUES (7508, '11-18', 225,0,0);
INSERT INTO User(user_id,active, email, name, last_name, password) values(226,1, '8126@mum.edu', '8126', '8126','$2a$10$.YWv5U13xQQdeWCYSZx8UeauVA3N4byEtBZgNLDwfVUj2iQ6UcB72');
INSERT into USER_ROLE values (226,3);
INSERT INTO Student(mum_Id,entry,user_id,attended_Sessions,percentage) VALUES (8126, '11-18', 226,0,0);
INSERT INTO User(user_id,active, email, name, last_name, password) values(227,1, '8696@mum.edu', '8696', '8696','$2a$10$.YWv5U13xQQdeWCYSZx8UeauVA3N4byEtBZgNLDwfVUj2iQ6UcB72');
INSERT into USER_ROLE values (227,3);
INSERT INTO Student(mum_Id,entry,user_id,attended_Sessions,percentage) VALUES (8696, '11-18', 227,0,0);
INSERT INTO User(user_id,active, email, name, last_name, password) values(228,1, '8647@mum.edu', '8647', '8647','$2a$10$.YWv5U13xQQdeWCYSZx8UeauVA3N4byEtBZgNLDwfVUj2iQ6UcB72');
INSERT into USER_ROLE values (228,3);
INSERT INTO Student(mum_Id,entry,user_id,attended_Sessions,percentage) VALUES (8647, '11-18', 228,0,0);
INSERT INTO User(user_id,active, email, name, last_name, password) values(229,1, '7342@mum.edu', '7342', '7342','$2a$10$.YWv5U13xQQdeWCYSZx8UeauVA3N4byEtBZgNLDwfVUj2iQ6UcB72');
INSERT into USER_ROLE values (229,3);
INSERT INTO Student(mum_Id,entry,user_id,attended_Sessions,percentage) VALUES (7342, '11-18', 229,0,0);
INSERT INTO User(user_id,active, email, name, last_name, password) values(230,1, '8498@mum.edu', '8498', '8498','$2a$10$.YWv5U13xQQdeWCYSZx8UeauVA3N4byEtBZgNLDwfVUj2iQ6UcB72');
INSERT into USER_ROLE values (230,3);
INSERT INTO Student(mum_Id,entry,user_id,attended_Sessions,percentage) VALUES (8498, '11-18', 230,0,0);
INSERT INTO User(user_id,active, email, name, last_name, password) values(231,1, '6062@mum.edu', '6062', '6062','$2a$10$.YWv5U13xQQdeWCYSZx8UeauVA3N4byEtBZgNLDwfVUj2iQ6UcB72');
INSERT into USER_ROLE values (231,3);
INSERT INTO Student(mum_Id,entry,user_id,attended_Sessions,percentage) VALUES (6062, '11-18', 231,0,0);
INSERT INTO User(user_id,active, email, name, last_name, password) values(232,1, '7714@mum.edu', '7714', '7714','$2a$10$.YWv5U13xQQdeWCYSZx8UeauVA3N4byEtBZgNLDwfVUj2iQ6UcB72');
INSERT into USER_ROLE values (232,3);
INSERT INTO Student(mum_Id,entry,user_id,attended_Sessions,percentage) VALUES (7714, '11-18', 232,0,0);
INSERT INTO User(user_id,active, email, name, last_name, password) values(233,1, '6054@mum.edu', '6054', '6054','$2a$10$.YWv5U13xQQdeWCYSZx8UeauVA3N4byEtBZgNLDwfVUj2iQ6UcB72');
INSERT into USER_ROLE values (233,3);
INSERT INTO Student(mum_Id,entry,user_id,attended_Sessions,percentage) VALUES (6054, '11-18', 233,0,0);
INSERT INTO User(user_id,active, email, name, last_name, password) values(234,1, '5650@mum.edu', '5650', '5650','$2a$10$.YWv5U13xQQdeWCYSZx8UeauVA3N4byEtBZgNLDwfVUj2iQ6UcB72');
INSERT into USER_ROLE values (234,3);
INSERT INTO Student(mum_Id,entry,user_id,attended_Sessions,percentage) VALUES (5650, '11-18', 234,0,0);
INSERT INTO User(user_id,active, email, name, last_name, password) values(235,1, '5023@mum.edu', '5023', '5023','$2a$10$.YWv5U13xQQdeWCYSZx8UeauVA3N4byEtBZgNLDwfVUj2iQ6UcB72');
INSERT into USER_ROLE values (235,3);
INSERT INTO Student(mum_Id,entry,user_id,attended_Sessions,percentage) VALUES (5023, '11-18', 235,0,0);
INSERT INTO User(user_id,active, email, name, last_name, password) values(236,1, '5072@mum.edu', '5072', '5072','$2a$10$.YWv5U13xQQdeWCYSZx8UeauVA3N4byEtBZgNLDwfVUj2iQ6UcB72');
INSERT into USER_ROLE values (236,3);
INSERT INTO Student(mum_Id,entry,user_id,attended_Sessions,percentage) VALUES (5072, '11-18', 236,0,0);
INSERT INTO User(user_id,active, email, name, last_name, password) values(237,1, '7920@mum.edu', '7920', '7920','$2a$10$.YWv5U13xQQdeWCYSZx8UeauVA3N4byEtBZgNLDwfVUj2iQ6UcB72');
INSERT into USER_ROLE values (237,3);
INSERT INTO Student(mum_Id,entry,user_id,attended_Sessions,percentage) VALUES (7920, '11-18', 237,0,0);
INSERT INTO User(user_id,active, email, name, last_name, password) values(238,1, '8753@mum.edu', '8753', '8753','$2a$10$.YWv5U13xQQdeWCYSZx8UeauVA3N4byEtBZgNLDwfVUj2iQ6UcB72');
INSERT into USER_ROLE values (238,3);
INSERT INTO Student(mum_Id,entry,user_id,attended_Sessions,percentage) VALUES (8753, '11-18', 238,0,0);
INSERT INTO User(user_id,active, email, name, last_name, password) values(239,1, '5015@mum.edu', '5015', '5015','$2a$10$.YWv5U13xQQdeWCYSZx8UeauVA3N4byEtBZgNLDwfVUj2iQ6UcB72');
INSERT into USER_ROLE values (239,3);
INSERT INTO Student(mum_Id,entry,user_id,attended_Sessions,percentage) VALUES (5015, '11-18', 239,0,0);
INSERT INTO User(user_id,active, email, name, last_name, password) values(240,1, '5999@mum.edu', '5999', '5999','$2a$10$.YWv5U13xQQdeWCYSZx8UeauVA3N4byEtBZgNLDwfVUj2iQ6UcB72');
INSERT into USER_ROLE values (240,3);
INSERT INTO Student(mum_Id,entry,user_id,attended_Sessions,percentage) VALUES (5999, '11-18', 240,0,0);
INSERT INTO User(user_id,active, email, name, last_name, password) values(241,1, '7771@mum.edu', '7771', '7771','$2a$10$.YWv5U13xQQdeWCYSZx8UeauVA3N4byEtBZgNLDwfVUj2iQ6UcB72');
INSERT into USER_ROLE values (241,3);
INSERT INTO Student(mum_Id,entry,user_id,attended_Sessions,percentage) VALUES (7771, '11-18', 241,0,0);
INSERT INTO User(user_id,active, email, name, last_name, password) values(242,1, '7946@mum.edu', '7946', '7946','$2a$10$.YWv5U13xQQdeWCYSZx8UeauVA3N4byEtBZgNLDwfVUj2iQ6UcB72');
INSERT into USER_ROLE values (242,3);
INSERT INTO Student(mum_Id,entry,user_id,attended_Sessions,percentage) VALUES (7946, '11-18', 242,0,0);
INSERT INTO User(user_id,active, email, name, last_name, password) values(243,1, '3440@mum.edu', '3440', '3440','$2a$10$.YWv5U13xQQdeWCYSZx8UeauVA3N4byEtBZgNLDwfVUj2iQ6UcB72');
INSERT into USER_ROLE values (243,3);
INSERT INTO Student(mum_Id,entry,user_id,attended_Sessions,percentage) VALUES (3440, '11-18', 243,0,0);
INSERT INTO User(user_id,active, email, name, last_name, password) values(244,1, '5833@mum.edu', '5833', '5833','$2a$10$.YWv5U13xQQdeWCYSZx8UeauVA3N4byEtBZgNLDwfVUj2iQ6UcB72');
INSERT into USER_ROLE values (244,3);
INSERT INTO Student(mum_Id,entry,user_id,attended_Sessions,percentage) VALUES (5833, '11-18', 244,0,0);
INSERT INTO User(user_id,active, email, name, last_name, password) values(245,1, '5098@mum.edu', '5098', '5098','$2a$10$.YWv5U13xQQdeWCYSZx8UeauVA3N4byEtBZgNLDwfVUj2iQ6UcB72');
INSERT into USER_ROLE values (245,3);
INSERT INTO Student(mum_Id,entry,user_id,attended_Sessions,percentage) VALUES (5098, '11-18', 245,0,0);
INSERT INTO User(user_id,active, email, name, last_name, password) values(246,1, '5908@mum.edu', '5908', '5908','$2a$10$.YWv5U13xQQdeWCYSZx8UeauVA3N4byEtBZgNLDwfVUj2iQ6UcB72');
INSERT into USER_ROLE values (246,3);
INSERT INTO Student(mum_Id,entry,user_id,attended_Sessions,percentage) VALUES (5908, '11-18', 246,0,0);
INSERT INTO User(user_id,active, email, name, last_name, password) values(247,1, '7854@mum.edu', '7854', '7854','$2a$10$.YWv5U13xQQdeWCYSZx8UeauVA3N4byEtBZgNLDwfVUj2iQ6UcB72');
INSERT into USER_ROLE values (247,3);
INSERT INTO Student(mum_Id,entry,user_id,attended_Sessions,percentage) VALUES (7854, '11-18', 247,0,0);
INSERT INTO User(user_id,active, email, name, last_name, password) values(248,1, '5593@mum.edu', '5593', '5593','$2a$10$.YWv5U13xQQdeWCYSZx8UeauVA3N4byEtBZgNLDwfVUj2iQ6UcB72');
INSERT into USER_ROLE values (248,3);
INSERT INTO Student(mum_Id,entry,user_id,attended_Sessions,percentage) VALUES (5593, '11-18', 248,0,0);
INSERT INTO User(user_id,active, email, name, last_name, password) values(249,1, '5676@mum.edu', '5676', '5676','$2a$10$.YWv5U13xQQdeWCYSZx8UeauVA3N4byEtBZgNLDwfVUj2iQ6UcB72');
INSERT into USER_ROLE values (249,3);
INSERT INTO Student(mum_Id,entry,user_id,attended_Sessions,percentage) VALUES (5676, '11-18', 249,0,0);
INSERT INTO User(user_id,active, email, name, last_name, password) values(250,1, '7359@mum.edu', '7359', '7359','$2a$10$.YWv5U13xQQdeWCYSZx8UeauVA3N4byEtBZgNLDwfVUj2iQ6UcB72');
INSERT into USER_ROLE values (250,3);
INSERT INTO Student(mum_Id,entry,user_id,attended_Sessions,percentage) VALUES (7359, '11-18', 250,0,0);
INSERT INTO User(user_id,active, email, name, last_name, password) values(251,1, '5825@mum.edu', '5825', '5825','$2a$10$.YWv5U13xQQdeWCYSZx8UeauVA3N4byEtBZgNLDwfVUj2iQ6UcB72');
INSERT into USER_ROLE values (251,3);
INSERT INTO Student(mum_Id,entry,user_id,attended_Sessions,percentage) VALUES (5825, '11-18', 251,0,0);
INSERT INTO User(user_id,active, email, name, last_name, password) values(252,1, '3317@mum.edu', '3317', '3317','$2a$10$.YWv5U13xQQdeWCYSZx8UeauVA3N4byEtBZgNLDwfVUj2iQ6UcB72');
INSERT into USER_ROLE values (252,3);
INSERT INTO Student(mum_Id,entry,user_id,attended_Sessions,percentage) VALUES (3317, '11-18', 252,0,0);
INSERT INTO User(user_id,active, email, name, last_name, password) values(253,1, '7748@mum.edu', '7748', '7748','$2a$10$.YWv5U13xQQdeWCYSZx8UeauVA3N4byEtBZgNLDwfVUj2iQ6UcB72');
INSERT into USER_ROLE values (253,3);
INSERT INTO Student(mum_Id,entry,user_id,attended_Sessions,percentage) VALUES (7748, '11-18', 253,0,0);
INSERT INTO User(user_id,active, email, name, last_name, password) values(254,1, '8092@mum.edu', '8092', '8092','$2a$10$.YWv5U13xQQdeWCYSZx8UeauVA3N4byEtBZgNLDwfVUj2iQ6UcB72');
INSERT into USER_ROLE values (254,3);
INSERT INTO Student(mum_Id,entry,user_id,attended_Sessions,percentage) VALUES (8092, '11-18', 254,0,0);
INSERT INTO User(user_id,active, email, name, last_name, password) values(255,1, '5338@mum.edu', '5338', '5338','$2a$10$.YWv5U13xQQdeWCYSZx8UeauVA3N4byEtBZgNLDwfVUj2iQ6UcB72');
INSERT into USER_ROLE values (255,3);
INSERT INTO Student(mum_Id,entry,user_id,attended_Sessions,percentage) VALUES (5338, '11-18', 255,0,0);
INSERT INTO User(user_id,active, email, name, last_name, password) values(256,1, '4943@mum.edu', '4943', '4943','$2a$10$.YWv5U13xQQdeWCYSZx8UeauVA3N4byEtBZgNLDwfVUj2iQ6UcB72');
INSERT into USER_ROLE values (256,3);
INSERT INTO Student(mum_Id,entry,user_id,attended_Sessions,percentage) VALUES (4943, '11-18', 256,0,0);
INSERT INTO User(user_id,active, email, name, last_name, password) values(257,1, '8779@mum.edu', '8779', '8779','$2a$10$.YWv5U13xQQdeWCYSZx8UeauVA3N4byEtBZgNLDwfVUj2iQ6UcB72');
INSERT into USER_ROLE values (257,3);
INSERT INTO Student(mum_Id,entry,user_id,attended_Sessions,percentage) VALUES (8779, '11-18', 257,0,0);
INSERT INTO User(user_id,active, email, name, last_name, password) values(258,1, '8621@mum.edu', '8621', '8621','$2a$10$.YWv5U13xQQdeWCYSZx8UeauVA3N4byEtBZgNLDwfVUj2iQ6UcB72');
INSERT into USER_ROLE values (258,3);
INSERT INTO Student(mum_Id,entry,user_id,attended_Sessions,percentage) VALUES (8621, '11-18', 258,0,0);
INSERT INTO User(user_id,active, email, name, last_name, password) values(259,1, '5965@mum.edu', '5965', '5965','$2a$10$.YWv5U13xQQdeWCYSZx8UeauVA3N4byEtBZgNLDwfVUj2iQ6UcB72');
INSERT into USER_ROLE values (259,3);
INSERT INTO Student(mum_Id,entry,user_id,attended_Sessions,percentage) VALUES (5965, '11-18', 259,0,0);
INSERT INTO User(user_id,active, email, name, last_name, password) values(260,1, '8407@mum.edu', '8407', '8407','$2a$10$.YWv5U13xQQdeWCYSZx8UeauVA3N4byEtBZgNLDwfVUj2iQ6UcB72');
INSERT into USER_ROLE values (260,3);
INSERT INTO Student(mum_Id,entry,user_id,attended_Sessions,percentage) VALUES (8407, '11-18', 260,0,0);
INSERT INTO User(user_id,active, email, name, last_name, password) values(261,1, '7482@mum.edu', '7482', '7482','$2a$10$.YWv5U13xQQdeWCYSZx8UeauVA3N4byEtBZgNLDwfVUj2iQ6UcB72');
INSERT into USER_ROLE values (261,3);
INSERT INTO Student(mum_Id,entry,user_id,attended_Sessions,percentage) VALUES (7482, '11-18', 261,0,0);
INSERT INTO User(user_id,active, email, name, last_name, password) values(262,1, '4877@mum.edu', '4877', '4877','$2a$10$.YWv5U13xQQdeWCYSZx8UeauVA3N4byEtBZgNLDwfVUj2iQ6UcB72');
INSERT into USER_ROLE values (262,3);
INSERT INTO Student(mum_Id,entry,user_id,attended_Sessions,percentage) VALUES (4877, '11-18', 262,0,0);
INSERT INTO User(user_id,active, email, name, last_name, password) values(263,1, '5304@mum.edu', '5304', '5304','$2a$10$.YWv5U13xQQdeWCYSZx8UeauVA3N4byEtBZgNLDwfVUj2iQ6UcB72');
INSERT into USER_ROLE values (263,3);
INSERT INTO Student(mum_Id,entry,user_id,attended_Sessions,percentage) VALUES (5304, '11-18', 263,0,0);
INSERT INTO User(user_id,active, email, name, last_name, password) values(264,1, '5155@mum.edu', '5155', '5155','$2a$10$.YWv5U13xQQdeWCYSZx8UeauVA3N4byEtBZgNLDwfVUj2iQ6UcB72');
INSERT into USER_ROLE values (264,3);
INSERT INTO Student(mum_Id,entry,user_id,attended_Sessions,percentage) VALUES (5155, '11-18', 264,0,0);
INSERT INTO User(user_id,active, email, name, last_name, password) values(265,1, '4514@mum.edu', '4514', '4514','$2a$10$.YWv5U13xQQdeWCYSZx8UeauVA3N4byEtBZgNLDwfVUj2iQ6UcB72');
INSERT into USER_ROLE values (265,3);
INSERT INTO Student(mum_Id,entry,user_id,attended_Sessions,percentage) VALUES (4514, '11-18', 265,0,0);
INSERT INTO User(user_id,active, email, name, last_name, password) values(266,1, '8670@mum.edu', '8670', '8670','$2a$10$.YWv5U13xQQdeWCYSZx8UeauVA3N4byEtBZgNLDwfVUj2iQ6UcB72');
INSERT into USER_ROLE values (266,3);
INSERT INTO Student(mum_Id,entry,user_id,attended_Sessions,percentage) VALUES (8670, '11-18', 266,0,0);
INSERT INTO User(user_id,active, email, name, last_name, password) values(267,1, '6088@mum.edu', '6088', '6088','$2a$10$.YWv5U13xQQdeWCYSZx8UeauVA3N4byEtBZgNLDwfVUj2iQ6UcB72');
INSERT into USER_ROLE values (267,3);
INSERT INTO Student(mum_Id,entry,user_id,attended_Sessions,percentage) VALUES (6088, '11-18', 267,0,0);
INSERT INTO User(user_id,active, email, name, last_name, password) values(268,1, '5916@mum.edu', '5916', '5916','$2a$10$.YWv5U13xQQdeWCYSZx8UeauVA3N4byEtBZgNLDwfVUj2iQ6UcB72');
INSERT into USER_ROLE values (268,3);
INSERT INTO Student(mum_Id,entry,user_id,attended_Sessions,percentage) VALUES (5916, '11-18', 268,0,0);
INSERT INTO User(user_id,active, email, name, last_name, password) values(269,1, '7631@mum.edu', '7631', '7631','$2a$10$.YWv5U13xQQdeWCYSZx8UeauVA3N4byEtBZgNLDwfVUj2iQ6UcB72');
INSERT into USER_ROLE values (269,3);
INSERT INTO Student(mum_Id,entry,user_id,attended_Sessions,percentage) VALUES (7631, '11-18', 269,0,0);
INSERT INTO User(user_id,active, email, name, last_name, password) values(270,1, '9042@mum.edu', '9042', '9042','$2a$10$.YWv5U13xQQdeWCYSZx8UeauVA3N4byEtBZgNLDwfVUj2iQ6UcB72');
INSERT into USER_ROLE values (270,3);
INSERT INTO Student(mum_Id,entry,user_id,attended_Sessions,percentage) VALUES (9042, '11-18', 270,0,0);
INSERT INTO User(user_id,active, email, name, last_name, password) values(271,1, '2401@mum.edu', '2401', '2401','$2a$10$.YWv5U13xQQdeWCYSZx8UeauVA3N4byEtBZgNLDwfVUj2iQ6UcB72');
INSERT into USER_ROLE values (271,3);
INSERT INTO Student(mum_Id,entry,user_id,attended_Sessions,percentage) VALUES (2401, '11-18', 271,0,0);
INSERT INTO User(user_id,active, email, name, last_name, password) values(272,1, '5106@mum.edu', '5106', '5106','$2a$10$.YWv5U13xQQdeWCYSZx8UeauVA3N4byEtBZgNLDwfVUj2iQ6UcB72');
INSERT into USER_ROLE values (272,3);
INSERT INTO Student(mum_Id,entry,user_id,attended_Sessions,percentage) VALUES (5106, '11-18', 272,0,0);
INSERT INTO User(user_id,active, email, name, last_name, password) values(273,1, '8415@mum.edu', '8415', '8415','$2a$10$.YWv5U13xQQdeWCYSZx8UeauVA3N4byEtBZgNLDwfVUj2iQ6UcB72');
INSERT into USER_ROLE values (273,3);
INSERT INTO Student(mum_Id,entry,user_id,attended_Sessions,percentage) VALUES (8415, '11-18', 273,0,0);
INSERT INTO User(user_id,active, email, name, last_name, password) values(274,1, '5759@mum.edu', '5759', '5759','$2a$10$.YWv5U13xQQdeWCYSZx8UeauVA3N4byEtBZgNLDwfVUj2iQ6UcB72');
INSERT into USER_ROLE values (274,3);
INSERT INTO Student(mum_Id,entry,user_id,attended_Sessions,percentage) VALUES (5759, '11-18', 274,0,0);
INSERT INTO User(user_id,active, email, name, last_name, password) values(275,1, '8613@mum.edu', '8613', '8613','$2a$10$.YWv5U13xQQdeWCYSZx8UeauVA3N4byEtBZgNLDwfVUj2iQ6UcB72');
INSERT into USER_ROLE values (275,3);
INSERT INTO Student(mum_Id,entry,user_id,attended_Sessions,percentage) VALUES (8613, '11-18', 275,0,0);
INSERT INTO User(user_id,active, email, name, last_name, password) values(276,1, '8464@mum.edu', '8464', '8464','$2a$10$.YWv5U13xQQdeWCYSZx8UeauVA3N4byEtBZgNLDwfVUj2iQ6UcB72');
INSERT into USER_ROLE values (276,3);
INSERT INTO Student(mum_Id,entry,user_id,attended_Sessions,percentage) VALUES (8464, '11-18', 276,0,0);
INSERT INTO User(user_id,active, email, name, last_name, password) values(277,1, '7425@mum.edu', '7425', '7425','$2a$10$.YWv5U13xQQdeWCYSZx8UeauVA3N4byEtBZgNLDwfVUj2iQ6UcB72');
INSERT into USER_ROLE values (277,3);
INSERT INTO Student(mum_Id,entry,user_id,attended_Sessions,percentage) VALUES (7425, '11-18', 277,0,0);
INSERT INTO User(user_id,active, email, name, last_name, password) values(278,1, '5510@mum.edu', '5510', '5510','$2a$10$.YWv5U13xQQdeWCYSZx8UeauVA3N4byEtBZgNLDwfVUj2iQ6UcB72');
INSERT into USER_ROLE values (278,3);
INSERT INTO Student(mum_Id,entry,user_id,attended_Sessions,percentage) VALUES (5510, '11-18', 278,0,0);
INSERT INTO User(user_id,active, email, name, last_name, password) values(279,1, '6835@mum.edu', '6835', '6835','$2a$10$.YWv5U13xQQdeWCYSZx8UeauVA3N4byEtBZgNLDwfVUj2iQ6UcB72');
INSERT into USER_ROLE values (279,3);
INSERT INTO Student(mum_Id,entry,user_id,attended_Sessions,percentage) VALUES (6835, '11-18', 279,0,0);
INSERT INTO User(user_id,active, email, name, last_name, password) values(280,1, '5361@mum.edu', '5361', '5361','$2a$10$.YWv5U13xQQdeWCYSZx8UeauVA3N4byEtBZgNLDwfVUj2iQ6UcB72');
INSERT into USER_ROLE values (280,3);
INSERT INTO Student(mum_Id,entry,user_id,attended_Sessions,percentage) VALUES (5361, '11-18', 280,0,0);
INSERT INTO User(user_id,active, email, name, last_name, password) values(281,1, '4869@mum.edu', '4869', '4869','$2a$10$.YWv5U13xQQdeWCYSZx8UeauVA3N4byEtBZgNLDwfVUj2iQ6UcB72');
INSERT into USER_ROLE values (281,3);
INSERT INTO Student(mum_Id,entry,user_id,attended_Sessions,percentage) VALUES (4869, '11-18', 281,0,0);
INSERT INTO User(user_id,active, email, name, last_name, password) values(282,1, '5312@mum.edu', '5312', '5312','$2a$10$.YWv5U13xQQdeWCYSZx8UeauVA3N4byEtBZgNLDwfVUj2iQ6UcB72');
INSERT into USER_ROLE values (282,3);
INSERT INTO Student(mum_Id,entry,user_id,attended_Sessions,percentage) VALUES (5312, '11-18', 282,0,0);
